SMILES,logP
CC#N,0
C=CC#N,0.2
CC(C)(CO)N,-0.8
C1=CC=C(C=C1)N,0.9
C1=CC=C(C=C1)C#N,1.6
CCCC#N,0.5
CCCCN,1
CCC(C)N,0.6
CC(C)(C)N,0.3
CCCCNCC,1.6
C1=CC=C(C(=C1)N)Cl,1.9
C(#N)C#N,0.1
C1CCC(CC1)N,1.5
C1CC1C#N,0.3
CCCCNCCCC,2.8
C(CO)NCCO,-1.4
CCNCC,0.6
CC(C)NC(C)C,1.4
CNC,-0.2
CN(C)N,-0.5
CC(C)(C)C#N,1.1
CC1=C(N=CC=C1)C,1.6
CC1=CC(=NC=C1)C,1.6
CC1=CN=C(C=C1)C,1.6
CC1=NC(=CC=C1)C,1.7
CC1=C(C=NC=C1)C,1.6
CC1=CC(=CN=C1)C,1.8
CCCNCCC,1.7
C(CN)N,-2
C(CO)N,-1.3
CCCCC(CC)CN,2.8
CCNC(C)C,0.9
CCCCCCN,2.1
CC(C)CN,0.7
CC(C)N,0.1
CC(C)NC,0.6
CCCNC(C)C,1.5
C1=CC=C2C=NC=CC2=C1,2.1
CC(=C)C#N,0.7
CN,-0.7
CC1=CC=CC=C1N,1.3
CC1=CC(=CC=C1)N,1.4
CC1=CC=C(C=C1)N,1.4
CC(C)CC#N,1.1
COC(=O)CC#N,-0.5
CNN,-0.9
CC(C)C#N,0.5
CC1=CC=CC=N1,1.1
CC1=CN=CC=C1,1.2
CC1=CC=NC=C1,1.2
CC1=CSC=N1,1
C1COCCN1,-0.9
CC[N+](=O)[O-],0.2
C[N+](=O)[O-],0.1
CCC[N+](=O)[O-],0.9
CC(C)[N+](=O)[O-],0.8
CCCCC#N,1.1
CC=CCC#N,1
CCCCCN,1.5
C(CN)CN,-1.4
CCC#N,0.2
CCCN,0.5
C1=CC=NC=C1,0.7
C1=CN=CN=C1,-0.4
C1=CNC=C1,0.7
C1CCNC1,0.5
C1=CC=C2C(=C1)C=CC=N2,2
C(CC#N)C#N,-1
C([N+](=O)[O-])([N+](=O)[O-])([N+](=O)[O-])[N+](=O)[O-],0.1
CCCCN(CCCC)CCCC,4
CCN(CC)CC,1.4
CN(C)C,0.3
CC1=C(N=C(C=C1)C)C,2
CC1=CC(=NC(=C1)C)C,1.9
C(C(C(F)(F)F)(F)F)(C(N(C(C(C(C(F)(F)F)(F)F)(F)F)(F)F)C(C(C(C(F)(F)F)(F)F)(F)F)(F)F)(F)F)(F)F,9.9
C=CCN,0.1
C1=CC=C(C=C1)C2=CC=CC=C2N,2.8
C(COCCO)N,-1.5
C(CNCCO)N,-1.7
C(CNCCN)N,-2.1
CN(CCO)CCO,-1.1
C(CCN)CN,-0.9
C(CCCCCN)CCCCN,1.9
CC(C)CNCC(C)C,2.5
CN(C)C1=CC=CC=C1,2.3
CC1=CC2=C(C=C1)N=C(C=C2)C,3
C(CCCCCCN)CCCCCN,3
CCN,-0.3
CCCCCC(C)N,2.4
C(CCCN)CCN,-0.2
CCCCCC#N,1.7
CC(C)CCON=O,1.7
CNC1=CC=CC=C1,1.7
CC1=CC=CC=C1N(C)C,2.9
CC1=NC2=CC=CC=C2C=C1,2.6
CC1=C2C(=CC=C1)C=CC=N2,2.6
C(CCCCN)CCCN,0.9
CCCCCCCC#N,2.8
CCCCCCCCN,3.1
C1=COC=N1,0.1
C1=CC=C(C=C1)N=C=O,2.7
C1CNCCN1,-1.5
C1CCNCC1,0.8
C1=CN=CC=N1,-0.2
C(#N)C(F)(F)F,1.1
CC=NO,-0.1
CC(=O)N,-0.9
CC(=O)NC1=CC=CC=C1,1.2
CC(C)(C#N)O,-0.1
CC(=NN=C(C)C)C,0.4
CC(=O)NC(=O)C,-1.4
CC(=O)N(C)C(=O)C,-0.5
C1=CC=C2C(=C1)C=C3C=CC=CC3=N2,3.4
C=CC(=O)N,-0.7
C=CCNC1=CC=CC=C1,2.5
CCN(CC)CC=C,1.6
CN(C)CC=C,0.9
C=CCN=C=O,1.8
C=CCNCC=C,1.1
C1=CC=C(C=C1)N=NC2=CC=C(C=C2)N,3.4
C1=CC=C(C(=C1)CN)N,0.7
C1=CC=C(C(=C1)CO)N,1.1
C1=CC=C(C(=C1)N)S,1.4
C1=CC=C(C(=C1)C#N)N,1.4
C1=CC(=CC(=C1)N)C#N,1.1
C1=CC=C(C=C1)C2=CC=C(C=C2)N,2.9
CCC(CO)N,-0.4
C(CCO)CN,-1.1
CC1(CC(CC(C1)(C)CN)O)C,1.4
C(CCN)CCO,-0.3
C1=CC=C(C(=C1)N)O,0.6
CC(=O)NC1=CC=C(C=C1)N,0.1
C1=CC=C(C=C1)C(=O)CN,0.8
CC(=O)C1=CC(=CC=C1)N,1.2
CC(=O)C1=CC=C(C=C1)N,0.8
C(CN)C#N,-1
CC(CO)N,-1
C(CN)CO,-1.1
CC(CN)O,-1
CN(CCCN)CCCN,-0.9
C1CNC1,-0.1
C1=CC=C(C=C1)N=NC2=CC=CC=C2,3.8
CCCN=NCCC,2
CCN=[N+](CC)[O-],0.4
C1=CC=C(C=C1)C=NO,1.9
C1=CC=C(C=C1)C(=O)N,0.6
C1=CC=C(C=C1)CC#N,1.6
C1=CC=C(C(=C1)N)N,0.1
C1=CC(=CC(=C1)N)N,-0.3
C1=CC(=CC=C1N)N,-0.3
C1=CC(=CC(=C1)CN)CN,-0.3
C1=CC=C(C=C1)CCN,1.4
C1=CC=C(C=C1)CCC#N,1.7
C1=CC(=CC=C1C2=CC=C(C=C2)N)N,1.3
C1=CC=C2C(=C1)NC=N2,1.3
C1=CC=C(C=C1)C(=O)NNC2=CC=CC=C2,3.1
C1=CC=C2C(=C1)C=CC3=C2C=CC=N3,3.5
C1=CC=C2C(=C1)C=CC3=C2N=CC=C3,3.4
C1=CC2=NSN=C2C=C1,2
C1=CC=C2C(=C1)N=CS2,2
C1=CC=C2C(=C1)NC(=O)S2,1.8
C1=CC=C2C(=C1)N=CO2,1.6
C1=CC=C2C(=C1)NC(=O)O2,1.2
C1=CC=C(C(=C1)C2=NC3=CC=CC=C3O2)O,3.1
C1=CC=C(C=C1)CN,1.1
C1=CC=C(C=C1)CNCCO,0.8
C1=CC=C(C=C1)CC2=CC=C(C=C2)N,3.2
C1=CC=C(C=C1)CNC2=CC=CC=C2,3.1
CCNCC1=CC=CC=C1,1.8
CCN(CC1=CC=CC=C1)C2=CC=CC=C2,4.6
CC(C)NCC1=CC=CC=C1,2.3
C1CNCCC1CC2=CC=CC=C2,2.5
C1=CC=C(C=C1)CC2=CC=CC=N2,2.8
C1=CC=C(C=C1)CC2=CC=NC=C2,2.6
C1=CC=C(C=C1)CSC#N,2
C1=CC=C(C(=C1)C2=CC=C(C=C2)N)N,2.2
C1=CC=NC(=C1)C2=CC=CC=N2,1.7
C1=CC=NC(=C1)C2=CN=CC=C2,1.5
C1=CC=NC(=C1)C2=CC=NC=C2,1.6
C1=CC(=CN=C1)C2=CN=CC=C2,1.4
C1=CN=CC=C1C2=CC=NC=C2,1.4
C1CC(CCC1CC2CCC(CC2)N)N,1.9
C(CNCCNCCN)N,-2.5
CN(C)CC(CN(C)C)O,-0.3
CCCCN(CCO)CCO,0.1
CCN(CCO)CCO,0.1
CC(C1=CC=CC=C1)NC(C)C2=CC=CC=C2,3.6
C1=CC=C(C(=C1)N)Br,2.1
C1=CC(=CC(=C1)Br)N,2.1
C1=CC(=CC=C1N)Br,2.3
C1=CC=C(C=C1)C(C#N)Br,2.5
C1=CC=C(C(=C1)C#N)Br,2.1
C1=CC(=CC(=C1)Br)C#N,1.8
C1=CC(=CC=C1C#N)Br,2.6
CN(C)C1=CC=C(C=C1)Br,3.2
C1=CC=C2C(=C1)C=NC=C2Br,2.8
CC1=CC(=C(C=C1)N)Br,2
CC1=C(C=CC(=C1)Br)N,1.9
C1=CC=C(C(=C1)[N+](=O)[O-])Br,2.5
C1=CC(=CC(=C1)Br)[N+](=O)[O-],2.6
C1=CC(=CC=C1[N+](=O)[O-])Br,2.5
C([N+](=O)[O-])Br,0.9
C1=CC=NC(=C1)Br,1.4
C1=CC(=CN=C1)Br,1.6
C1=CC=C2C(=C1)C=C(C=N2)Br,3.2
C1=CC2=C(C=CC(=C2)Br)N=C1,2.8
C1=CSC(=N1)Br,1.8
CCCC=NO,0.8
CCCC(=O)N,-0.2
CC(=NO)C(=O)C,0.4
CCC(=NN=C(C)CC)C,1.4
CCC(=NO)C,0.7
C(=CC#N)C#N,-0.2
CC=CC#N,0.8
C=CCC#N,0.4
CCCCNC(=O)C,1
CCCCNCCO,0.4
CC(C)(C)NCCO,0.4
CCCCC1=CC=C(C=C1)N,3
CCC(C)C1=CC=C(C=C1)N,2.8
CC(C)(C)C1=CC=C(C=C1)N,2.7
CCCCNC1=CC=CC=C1,2.8
CC(C)(C)NC1=CC=CC=C1,2.6
CCCCOC(=O)CC#N,1.3
CCCCN(C)C,1.7
CCCCN=C=O,2.3
CCCCNC,1.3
CCCCON=O,1.3
CCC(C)ON=O,1.4
CC(C)(C)ON=O,1
CCCCC(CCCC)C1=CC=NC=C1,5.2
CCCCN(C1=CC=CC=C1)C(=O)C,2.5
CC(C)(C)C1=CC=NC=C1,2.5
CCCCSC#N,2
C(#CC#N)C#N,0.5
C1CCC(=O)NCC1,-0.1
C1=CC=C2C(=C1)C3=CC=CC=C3N2,3.7
C(#N)C(=O)C#N,0
CCCCN(CCCC)SN(C)C(=O)OC1=CC=CC2=C1OC(C2)(C)C,5.7
C(C(=O)N)Cl,-0.5
C(C#N)Cl,0.5
C1=CC(=CC(=C1)Cl)N,1.9
C1=CC(=CC=C1N)Cl,1.9
C1=CC=C(C(=C1)CC#N)Cl,2.2
C1=CC(=CC(=C1)Cl)CC#N,2.5
C1=CC(=CC=C1CC#N)Cl,2.5
C1=CC=C(C(=C1)C#N)Cl,2
C1=CC(=CC=C1C#N)Cl,2.6
C1=CC=C2C(=C1)N=C(S2)Cl,3.2
C1=CC=C2C(=C1)N=C(O2)Cl,2.8
C1=CC=C(C(=C1)C=C(C#N)C#N)Cl,2.3
C(CC#N)CCl,0.6
CC(=O)C(C(=O)NC1=CC(=C(C=C1OC)Cl)OC)N=NC2=C(C=C(C=C2)C3=CC(=C(C=C3)N=NC(C(=O)C)C(=O)NC4=CC(=C(C=C4OC)Cl)OC)Cl)Cl,9.2
CN(C)C1=CC=CC=C1Cl,2.7
CN(C)C1=CC(=CC=C1)Cl,2.5
CN(C)C1=CC=C(C=C1)Cl,3.1
C1=CC(=C(C=C1[N+](=O)[O-])[N+](=O)[O-])Cl,2.3
C1=CC(=C(C(=C1)[N+](=O)[O-])Cl)[N+](=O)[O-],1.8
C1=CC(=C(C=C1N)Cl)F,2.1
C1=CC(=C(C=C1[N+](=O)[O-])Cl)F,2.6
C1=CC=C(C(=C1)N=C=O)Cl,3.4
COC1=C(C=CC(=C1)Cl)N,1.9
CNC1=CC=C(C=C1)Cl,2.8
CC1=CC(=C(C=C1)N)Cl,1.9
CC1=C(C(=CC=C1)Cl)N,2.2
CC1=C(C=CC=C1Cl)N,3
CC1=C(C=C(C=C1)N)Cl,2.9
CC1=C(C=CC(=C1)Cl)N,1.9
CC1=C(C=C(C=C1)Cl)N,1.4
CC1=C(C=CC=C1Cl)[N+](=O)[O-],3.1
CC1=C(C=CC(=C1)[N+](=O)[O-])Cl,3.3
CC1=CC(=C(C=C1)Cl)[N+](=O)[O-],2.8
CC1=C(C=C(C=C1)[N+](=O)[O-])Cl,3.4
CC1=C(C=C(C=C1)Cl)[N+](=O)[O-],3.1
C1=CC=C(C(=C1)[N+](=O)[O-])Cl,2.2
C1=CC(=CC(=C1)Cl)[N+](=O)[O-],2.5
C1=CC(=CC=C1[N+](=O)[O-])Cl,2.4
CC([N+](=O)[O-])Cl,1.1
CCC([N+](=O)[O-])Cl,1.6
CC(C)([N+](=O)[O-])Cl,1.3
C1=CC(=C(C=C1C(F)(F)F)[N+](=O)[O-])Cl,2.8
C1=CC(=C(C=C1[N+](=O)[O-])C(F)(F)F)Cl,4
CC(=O)NC1=CC(=CC=C1)Cl,2.1
CC(=O)NC1=CC=C(C=C1)Cl,2.1
C(CCl)C#N,0.2
C=C(C#N)Cl,1.4
C1=CC=NC(=C1)Cl,1.2
C1=CC(=CN=C1)Cl,1.3
C1=CN=CC=C1Cl,1.3
C1=CC=C2C(=C1)C=CC(=N2)Cl,2.7
C1=CC=C2C(=C1)C(=CC=N2)Cl,1.6
C1=CC2=C(C=CC(=C2)Cl)N=C1,2.7
C1=CC2=C(C(=C1)Cl)N=CC=C2,2.4
C(#N)C1=C(C(=C(C(=C1Cl)Cl)Cl)C#N)Cl,2.9
C([N+](=O)[O-])([N+](=O)[O-])([N+](=O)[O-])Cl,0.7
CC(C)(CC1=CC=C(C=C1)Cl)N,2.6
CCC(C1CCCCN1)O,1
C(#N)O,0.1
C#CC#N,0.5
C(#N)Br,1.1
C(#N)Cl,1
C(#N)F,0.5
C1(=NC(=NC(=N1)F)F)F,1.3
C1CC(C1)N,0.2
C1CCC(CC1)C#N,2.1
C1CC(CC(C1)CN)CN,0.2
C1CCC(=NO)CC1,1.2
C1CC(CC=C1)C2=CC=NC=C2,2.6
C1CCC(CC1)NC2=CC=CC=C2,3.7
CCN(CC)C1CCCCC1,2.8
CN(C)C1CCCCC1,1.9
CCNC1CCCCC1,2
C1CCC(CC1)N=C=O,2.8
CNC1CCCCC1,1.6
C1CCCC(CCC1)N,1.3
C1CCC(=NO)C1,0.7
C1CCC(C1)N,0.6
C1CC1N,0.1
CCCCCCCCCC#N,3.7
CCCCCCCCCCN,4.2
C=CCN(CC=C)CC=C,2.6
C1=CC(=CC=C1N)OC2=CC=C(C=C2)N,1.4
C1=CC(=CC=C1CC2=CC=C(C=C2)N)N,1.6
C(#N)C(Br)Br,1.7
C1=C(C=NC=C1Br)Br,2.2
CCC(C)NC(C)CC,2.4
CCCCN(CCCC)C1=CC=CC=C1,4.5
CC(C)(C)NCCNC(C)(C)C,1.3
C(C(=O)N)(Cl)Cl,0.2
C(#N)C(Cl)Cl,1.3
C1=CC(=C(C(=C1)Cl)Cl)N,2.9
C1=CC(=C(C=C1Cl)Cl)N,2.9
C1=CC(=C(C=C1Cl)N)Cl,2.9
C1=CC(=C(C=C1N)Cl)Cl,2.7
C1=C(C=C(C=C1Cl)Cl)N,2.9
C1=CC(=C(C(=C1)Cl)C#N)Cl,2.7
CC1=CN=C(N=C1Cl)Cl,2.5
CC1=CC(=NC(=N1)Cl)Cl,2.5
C1=CC(=C(C(=C1)Cl)Cl)[N+](=O)[O-],3
C1=CC(=C(C=C1[N+](=O)[O-])Cl)Cl,3.1
C1=CC(=C(C=C1Cl)[N+](=O)[O-])Cl,2.9
C1=CC(=C(C=C1Cl)Cl)[N+](=O)[O-],3.1
CC([N+](=O)[O-])(Cl)Cl,1.6
CCC([N+](=O)[O-])(Cl)Cl,2.2
C1=CC(=NC(=C1)Cl)Cl,2.2
C1=CN=C(N=C1Cl)Cl,2.1
C1CCC(CC1)NC2CCCCC2,3.4
CCCCCCCCCCNCCCCCCCCCC,8.8
CCOC(N(C)C)OCC,1
CCOC(CN)OCC,-0.1
CCN(CC)C(=O)C,0.3
CCN(CC)CCO,0.3
CCN(CC)CCOCCO,0.2
CCN(CC)C1=CC(=CC=C1)O,2.3
CCN(CC)CCCO,0.7
CCN(CC)CC#C,1.1
CCC1=C(C(=CC=C1)CC)N,2.7
CCN(CC)C1=CC=CC=C1,3.3
CCN(CC)C1=CC=C(C=C1)N,2.2
CCCC(=O)N(CC)CC,1.3
CCN(CC)C(=O)Cl,1.4
CCN(CC)C#N,1.3
CCOC(=O)C1=CC(=C(N=C1C)C)C(=O)OCC,2.1
CCN(CC)CCN,0.2
CCNCCNCC,0.2
CCNNCC,0.3
CCN(C)CC,1
CCN(CC)C1=CC=CC=C1C,3.6
CCN(CC)C1=CC=C(C=C1)C,3.5
CCN(CC)C(=O)CC(C)C,1.7
CCN(CC)C1=CC=CC2=CC=CC=C21,4.2
CCN(CC)CCCC(C)N,1.2
CCC(=O)N(CC)CC,0.9
CCN(CC)CCCN,0.4
CCNC(=O)NCC,0.1
C1=CC(=C(C=C1F)F)N,1.5
C1=CC(=C(C=C1F)F)[N+](=O)[O-],1.8
CCCCCCCNCCCCCCC,5.5
CCCCCCNCCCCCC,4.5
C1CC2=C(C1)C=C(C=C2)N,2.1
C1CNC2=CC=CC=C21,1.9
C1C2=CC=CC=C2C(=O)N1,0.8
CC1=NCCN1,0.5
CC1=NCCS1,0.3
C1CNN=C1,-0.2
C1C=CCN1,0
CC1=CC(NC2=CC=CC=C12)(C)C,2.8
CC(C)CCNCCC(C)C,3.2
CC(CNCC(C)O)O,-0.8
CC(C)C1=C(C(=CC=C1)C(C)C)N,3.2
CC(C)N=C=NC(C)C,2.6
CC(C)N(CCO)C(C)C,1.2
COC1=CC(=C(C=C1)OC)N,1.2
CN(C)C(OC)OC,0.2
CNCC(OC)OC,-0.3
CC(=O)N(C)C,-0.8
CN(C)CC#N,0.1
CN(C)C1=CC(=CC=C1)O,1.6
CN(C)CCC#N,0
CC(CO)N(C)C,0
CN(C)CCCO,-0.1
CC(CN(C)C)O,0
CN(C)CC#C,0.4
CC1=C(C(=CC=C1)N)C,2.3
CC1=CC(=C(C=C1)N)C,1.7
CC1=CC(=C(C=C1)C)N,1.8
CC1=C(C(=CC=C1)C)N,1.8
CC1=C(C=C(C=C1)N)C,2.5
CC1=CC(=CC(=C1)N)C,2
CC1=CC=CC=C1NC,2.2
CC1=CC(=CC=C1)NC,2.6
CC1=CC=C(C=C1)NC,2.1
CN(C)C(=O)C1=CC=CC=C1,0.6
CN(C)C1=CC=C(C=C1)N,1.8
CC(CNC)C1=CC=CC=C1,2.1
CC(C)(CC1=CC=CC=C1)N,1.9
CC(C)(C1=CC=CC=C1)N,1.6
CC1=CC2=C(C=C1)OC(=N2)C,2.5
CN(C)CC1=CC=CC=C1,2
CCCC(=O)N(C)C,0.6
CC(C(C)(C)C)N,1.4
CN(C)C(=O)Cl,0.8
CN(C)C#N,-0.2
CC(CC1CCCCC1)NC,3.5
CC(CC1CCCC1)NC,2.9
CCCCCCCCCCN(C)C,5.3
CN=NC,0.4
CN(C1=CC=CC=C1)C(=O)N(C)C2=CC=CC=C2,2.8
CN(C)CCN,-0.7
CNCCNC,-0.6
CN(C)CCO,-0.4
CC(CCC=C(C)C)NC,2.5
CC(C)(CCC(C)(C)N)N,0.3
CNNC,-0.4
CC1=CN=C(N1)C,0.9
CC1=C(NC2=CC=CC=C12)C,2.8
CC1=CC(=NO1)C,1.2
CC1CNCC(O1)C,0.3
CN(C)C1=CC=CC2=CC=CC=C21,3.5
CN(C)C1=CC2=CC=CC=C2C=C1,3.6
CN(C)C1=CC(=CC=C1)[N+](=O)[O-],2.2
CC1=C(C(=CC=C1)[N+](=O)[O-])C,2.8
CC1=C(C=C(C=C1)[N+](=O)[O-])C,2.9
CC1=C(C(=CC=C1)C)[N+](=O)[O-],3
CC1=CC(=CC(=C1)[N+](=O)[O-])C,2.5
CC1=CC(=C(C=C1)C)[N+](=O)[O-],2.5
CC1=CC(=C(C=C1)[N+](=O)[O-])C,2.7
CC1CNC(CN1)C,0
CC1CCCC(N1)C,1.5
CC1CC(CNC1)C,1.5
CCC(=O)N(C)C,-0.1
CCCN(C)C,1.2
CN(C)CCCN,-0.3
CC(C)(C)CN,1
CC1=NC=CN=C1C,0.5
CC1=CN=C(C=N1)C,0.6
CC1=CN=CC(=N1)C,0.5
CC1=CC(=NN1)C,1
CC1=CC(=NC(=C1)N)C,1.3
CN(C)C1=CC=CC=N1,1.6
CC1=CC(=NC=N1)C,0.6
CC1=CC(=CN1)C,1.5
CC1=CC=C(N1)C,1.5
CC1=CC(=NC2=CC=CC=C12)C,3
CC1=CC2=C(C=C1)C=CC(=N2)C,3
CC1=NN=C(S1)C,0
CC1=CSC(=N1)C,1.8
CC1=C(SC=N1)C,1.8
CNC(=O)NC,-0.5
C1=CC=C(C(=C1)[N+](=O)[O-])[N+](=O)[O-],1.7
C1=CC(=CC(=C1)[N+](=O)[O-])[N+](=O)[O-],1.5
C1=CC(=CC=C1[N+](=O)[O-])[N+](=O)[O-],1.5
C1=CC=C(C(=C1)C2=CC=CC=C2[N+](=O)[O-])[N+](=O)[O-],3.4
CC([N+](=O)[O-])[N+](=O)[O-],0.5
C([N+](=O)[O-])[N+](=O)[O-],0.1
C1=CC2=C(C=CC=C2[N+](=O)[O-])C(=C1)[N+](=O)[O-],2.6
CCC([N+](=O)[O-])[N+](=O)[O-],1
CC(C)([N+](=O)[O-])[N+](=O)[O-],0.7
CCCCCCCCNCCCCCCCC,6.6
CCCCCNCCCCC,3.4
C1=CC=C(C=C1)NC2=CC=CC=C2,3.5
C1=CC=C(C=C1)N=C=NC2=CC=CC=C2,4.6
C1=CC=C(C=C1)NC(=O)C(=O)NC2=CC=CC=C2,2.4
C1=CC=C(C=C1)NC=NC2=CC=CC=C2,2.9
C1=CC=C(C=C1)C2=CN=C(O2)C3=CC=CC=C3,4.7
C1CNCCC1CCCC2CCNCC2,2.5
CCCN(CCC)C(=O)C,1.5
CCCCCCCCCCCC#N,4.7
CCCCCCCCCCCCN,5.3
CC(C(C1=CC=CC=C1)O)NC,0.9
CCOC1=CC=CC=C1N,1.5
CCOC1=CC=CC(=C1)N,1.3
CCOC1=CC=C(C=C1)N,1.2
CCOC1=CC(=C(C=C1)N)N,1
CCN(CC)C1=CC(=CC=C1)OCC,3.1
CCOCCN,-0.5
CCOC1=CC=CC=C1[N+](=O)[O-],2.1
CCOC1=CC=C(C=C1)[N+](=O)[O-],2.5
CCOC1=CC=CC=C1NC(=O)C,1.5
CCOCCC#N,0.1
CCNC(=O)C,-0.1
CCOC(=O)CN,-0.4
CCOC(=O)C1=CC=CC=C1N,2.6
CCOC(=O)C1=CC(=CC=C1)N,1.8
CCOC(=O)C1=CC=C(C=C1)N,1.9
CCNCCO,-0.5
CCC1=CC=CC=C1N,1.7
CCC1=CC(=CC=C1)N,2.1
CCC1=CC=C(C=C1)N,2
CCNC1=CC=CC=C1,2.2
CCC(C#N)C1=CC=CC=C1,2.5
CCCCNC(=O)OCC,1.6
CCOC(=O)N,-0.2
CCOC(=O)CC#N,0.4
CCOC=C(C#N)C(=O)OCC,1
CCOC(=O)C#N,0.6
CCN(C)C,0.7
CCNCCN(C)C,0.2
CCC1=NC(=CN=C1C)C,1.5
CCC1=C(NC=C1C)C,2.3
CCOC(=O)C1=C(NC=C1C)C,1.7
CCOC(=O)C1=C(NC(=C1)C)C,1.7
C1CN1,-0.4
CCNCCN,-0.8
CCNC(=O)OCC,0.7
CCNN,-0.6
CCN(CC)O,0.5
CCN=C=O,1.4
CCN(C(C)C)C(C)C,2.2
CCNCC(=C)C,1.4
CCNC,0.1
CCC1=CC=CC(=C1N)C,2.4
CCNC1=CC=CC=C1C,2.5
CCNC1=CC=CC(=C1)C,3
CCNC1=CC=C(C=C1)C,2.5
CCN(C)C1=CC=CC=C1,2.9
CCOC(=O)NC,0.3
CCC1=C(C=CN=C1)C,2
CCC1=CC(=NC=C1)C,2
CCNC1=CC=CC2=CC=CC=C21,3.2
CCON=O,0.4
CCC1=CC=CC=C1[N+](=O)[O-],2.7
CCC1=CC=C(C=C1)[N+](=O)[O-],3
CCOC(=O)C1=CC(=CC=C1)[N+](=O)[O-],2.4
CCOC(=O)C1=CC=C(C=C1)[N+](=O)[O-],2.3
CCOC(=O)C(C)[N+](=O)[O-],0.9
CCN(C1=CC=CC=C1)C(=O)C,1.6
CCOC=NC1=CC=CC=C1,2.3
CCOC(=O)CNC1=CC=CC=C1,1.3
CCC1=CN=C(C=C1)C,2
CCCNCC,1.1
CCC(CC)C1=CC=CC=N1,2.7
CCC(CC)C1=CC=NC=C1,3.1
CCC1=CC=CC=N1,1.7
CCC1=CN=CC=C1,1.7
CCC1=CC=NC=C1,1.6
CCOC(=O)C1=CC=CC=N1,0.9
CCOC(=O)C1=CN=CC=C1,1.3
CCOC(=O)C1=CC=NC=C1,1.4
CCSC#N,1.3
CCC1=C(NC(=C1C)C)C,2.7
C1=CC=C(C(=C1)N)F,1.3
C1=CC(=CC(=C1)F)N,1.3
C1=CC(=CC=C1N)F,1.1
C1=CC=C(C(=C1)CC#N)F,1.9
C1=CC(=CC=C1CC#N)F,1.9
C1=CC(=CC=C1CN)F,1.1
C1=CC(=CC=C1C#N)F,2.1
C1=CC(=C(C=C1[N+](=O)[O-])[N+](=O)[O-])F,1.6
C1=CC(=CC(=C1)F)[N+](=O)[O-],1.9
C1=CC(=CC=C1[N+](=O)[O-])F,1.8
C1=CC=NC(=C1)F,0.8
C1=CC(=CN=C1)F,0.8
C1=C(C(=O)NC(=O)N1)F,-0.9
CC(C)C(C(=O)OC(C#N)C1=CC(=CC=C1)OC2=CC=CC=C2)NC3=C(C=C(C=C3)C(F)(F)F)Cl,7.7
C1=COC(=C1)C#N,1
C1=COC(=C1)CN,0.4
CCCCCCCCCCCCCCCCCN,8
CCCCCCCCCCCCCCCCC#N,7.5
CCCCCCC=NO,2.4
CCCC(CCC)N,1.9
C(CCCN)CCCN,0.3
CCCCCCC#N,2.2
CCCCCCCN,2.6
CCCCCCCCCCCCCCCC#N,6.9
CCCCCCCCCCCCCCCCN,7.4
CCCCCCCCCCCCCCCCN(C)C,8
C1CCCNCC1,1.2
C1CNCCNC1,-0.5
CCCCCC(=O)N,1.3
C(CCC#N)CC#N,-0.3
C(CO)NN,-1.6
CC(C#N)O,-0.3
C(CO)C#N,-0.9
CC1(CC(CC(N1)(C)C)O)C,0.9
CCCCCCCCCCCCCCCCCCCCN,9.6
C1=CN=CN1,-0.1
C1CC2=CC=CC=C2C1N,1.2
C1=CC=C2C(=C1)C=NN2,1.8
C1=CC=C2C(=C1)C=CN2,2.1
C(C#N)I,0.7
C1=CC=C(C(=C1)[N+](=O)[O-])I,2.6
C1=CC(=CC(=C1)I)[N+](=O)[O-],2.9
C1=CC(=CC=C1[N+](=O)[O-])I,2.7
CC(C)COC(=O)N,0.6
CC(C)CN(C)C,1
CC(C)CN=C=O,2.3
CC(C)CON=O,1.4
CC(C)CSC#N,2.3
CC1=CC=CC=C1N=C=O,3.1
CC1=CC(=CC=C1)N=C=O,3.5
CC1=CC=C(C=C1)N=C=O,3.3
C1=CC=C2C(=C1)C=CC=C2N=C=O,3.7
CC(C)N=C=O,1.8
CC(C)NCCO,-0.1
CC(C)C1=CC=CC=C1N,2.1
CC(C)C1=CC=C(C=C1)N,2.2
CC(C)NC1=CC=CC=C1,2.5
CC(C)OC(=O)N,0.3
CC(C)NN,-0.2
CC1=C(C=C(C=C1)C(C)C)N,2.6
CC(C)ON=O,0.8
CC(C)N(C(C)C)N=O,1.4
CC(C)C1=CC=NC=C1,2
C1=CON=C1,0.1
C(C#N)C#N,-0.5
CC(CC1=CC=CC=C1)NC,2.1
COCC#N,-0.1
COC1=CC=CC=C1N,1.2
COC1=CC=CC(=C1)N,0.9
COC1=CC=C(C=C1)N,0.9
COC1=CC=C(C=C1)C(=O)N,0.9
COC1=CC=C(C=C1)CC#N,1.6
COC1=CC=CC=C1CN,0.9
COC1=CC=C(C=C1)CN,0.8
COC1=CC=CC=C1C#N,1.5
COC1=CC=C(C=C1)C#N,1.9
COCCN,-0.9
COCCC1=CC=CC=N1,0.7
CC(COC)N,-0.4
CNOC,-0.2
CC1=CC(=C(C=C1)OC)N,1.7
CC1=C(C=CC(=C1)OC)N,1.2
CC(=O)C(C(=O)NC1=CC=CC=C1OC)N=NC2=C(C=C(C=C2)OC)[N+](=O)[O-],3.3
CC(=O)NC1=CC=CC=C1OC,1.1
COC1=CC=C(C=C1)N=NC2=CC=CC=C2,4.1
COCCCN,-0.5
COCCC#N,-0.2
COC1=CC=CC=N1,1.4
COC1=CN=CC=C1,1
COC1=CC=NC=C1,1
COC1=CC2=C(C=C1)N=CC=C2,2.2
CC(=O)NC,-1.1
CC1=CC=C(C=C1)NC(=O)C,1.7
COC(=O)C1=CC=CC=C1N,1.9
CC(=O)NC(=O)NC,-0.7
CC(=O)OCN=[N+](C)[O-],-0.3
CNC(=O)C1=CC=CC=C1,0.9
CC1=CC=C(C=C1)CC#N,2.1
CC(C#N)C1=CC=CC=C1,2.1
CC1=C(C=C(C=C1)N)N,0.1
CC1=CC(=CC(=C1)N)N,0.9
CC1=C(C(=CC=C1)N)N,0.9
CC1=CC(=C(C=C1)N)N,0.6
CC1=C(C=CC(=C1)N)N,0.6
CC(CN)C1=CC=CC=C1,2.2
CNCCC1=CC=CC=C1,1.9
CC1=CC=CC=C1CN,1.3
CC1=CC(=CC=C1)CN,1.3
CC1=CC=C(C=C1)CN,1.3
CNCC1=CC=CC=C1,1.5
CC(CCC1=CC=CC=C1)N,2
CC1=CC=CC=C1C#N,2.2
CC1=CC(=CC=C1)C#N,2.4
CC1=CC=C(C=C1)C#N,2.4
CC1=NC2=CC=CC=C2S1,3
CC1=CC2=C(C=C1)N=C(S2)C3=CC=C(C=C3)N,3.9
CC1=NC2=CC=CC=C2O1,2.2
CC(C1=CC=CC=C1)N,1.2
CC(C)CC(=O)N,0.4
CC(C)CCN,1
CCC(C)(C)N,0.8
CC(C)C(C)N,1
CCC(C)C#N,1.1
CC(=CC#N)C,1.4
CC(C)(C#C)N,0
COC(=O)N,-0.7
CC1=CC2=C(C=C1)NC3=CC=CC=C32,4.1
CC1=CC(=CC=C1)N(C)C,2.8
CC1=CC=C(C=C1)N(C)C,2.8
CC1=CC(=CC(=C1)[N+](=O)[O-])[N+](=O)[O-],1.9
CC1=C(C=CC=C1[N+](=O)[O-])[N+](=O)[O-],2.1
CN(C1=CC=CC=C1)C2=CC=CC=C2,3.9
CNCCN,-1.1
CNCCO,-0.9
CNCC1=CC=CO1,0.5
CCCCCC(C)NC,2.6
CCCC(C)CCN,2.1
CCC(C)CC(C)N,1.9
CC(C)CCC(=NO)C,1.8
CON,-0.7
CC1=NC=CN1,0.2
CC1=CN=CN1,0.2
CC1=CC2=CC=CC=C2N1,2.5
CC1=CNC2=CC=CC=C12,2.6
CC1=CC2=C(C=C1)NC=C2,2.7
CC1=C2C(=CC=C1)C=CN2,2.6
CN=C=O,1.1
CC1=NC=CC2=CC=CC=C12,2.5
CC1=CC2=CC=CC=C2C=N1,2.7
CC1=CON=C1,0.7
CC1=CC=NO1,0.5
CNC1=C(C=CC=C1OC)C(=O)OC,2.6
CNC1=CC=CC=C1C(=O)OC,2.3
CC1=CC=CC=C1N(C)C(=O)C,1.6
CC1=CC=C(C=C1)NC2=CC=C(C=C2)C,4.2
CNC1=CC=CC2=CC=CC=C21,2.9
CON=O,0
CC1=C(C=CC=C1[N+](=O)[O-])N,1.8
COC(=O)C1=CC=CC=C1[N+](=O)[O-],1.7
CN(C)[N+](=O)[O-],0.6
CC(C)(C)[N+](=O)[O-],1.2
CC1=NC=CO1,0.7
CC1=COC=N1,0.7
CC1=CN=CO1,0.7
CC1=NCCO1,-0.2
CC(CCC#N)C#N,0.5
CC(C)CCC#N,1.5
CC1=CC=CC=C1NC(=O)C,0.9
CC1=CC(=CC=C1)NC(=O)C,1.7
CC(=O)N(C)C1=CC=CC=C1,1.1
CC1=CC=CC=C1NCCO,1.5
CC1=CC(=CC=C1)NC2=CC=CC=C2,3.8
CN(C1=CC=CC=C1)C(=O)Cl,2.2
CN(C1=CC=CC=C1)N,1.6
CC1=CC=C(C=C1)N=CC2=CC=CC=C2,3.2
CC1CNCCN1,-0.4
CC1CCNCC1,1.1
CC(C)C(=O)N,0.2
CCC(=O)NC,0
CC(C)(CN)N,-1
CNCC=C,0.4
CCCNC,0.8
CNCC#C,-0.1
CC1=NC=CN=C1,0.2
CC1=CC=NN1,0.6
CC1=CNN=C1,1.4
CC1=NN=CC=C1,-0.3
CC1=C(N=CC=C1)N,0.9
CC1=CN=C(C=C1)N,1
CC1=NC(=CC=C1)N,0.4
CNC1=CC=CC=N1,1.1
COC(=O)C1=CN=CC=C1,0.8
CC1=NC=CC=N1,-0.1
CC1=NC=NC=C1,0.2
CC1=CN=CN=C1,0
CC1=CC=CN1,1.1
CC1=CNC=C1,1.1
CC1CCC(=O)N1,0
CC1=CC2=CC=CC=C2N=C1,2.5
CC1=CC=NC2=CC=CC=C12,2.6
CC1=C2C=CC=NC2=CC=C1,2.6
CC1=CC2=C(C=C1)N=CC=C2,2.6
CC1=CC2=C(C=CC=N2)C=C1,2.5
CC1=NC2=C(C=CC=C2O)C=C1,2.3
CC1=NC2=CC=CC=C2N=C1,1.6
CC1=NC=CS1,1.4
CSC1=CC=CC=C1N,1.8
CSC1=CC=C(C=C1)N,1.8
CSC#N,0.9
C1=CC=C2C(=C1)C=CC=C2C#N,3.3
C1=CC=C2C=C(C=CC2=C1)C#N,3.2
C1=CC=C2C(=C1)C=CC=C2CN,2.1
C1=CC=C2C(=C1)C=CC=C2N,2.2
C1=CC=C2C=C(C=CC2=C1)N,2.3
C1=CC=C2C=C(C=CC2=C1)NC3=CC4=CC=CC=C4C=C3,6
C1=CC(=CN=C1)C2=CC(=NC=C2)C3=CN=CC=C3,2
C1=CC=C(C(=C1)N)[N+](=O)[O-],1.9
C1=CC(=CC(=C1)[N+](=O)[O-])N,1.4
C1=CC(=CC=C1N)[N+](=O)[O-],1.4
COC1=CC=CC=C1[N+](=O)[O-],1.7
COC1=CC=CC(=C1)[N+](=O)[O-],2.2
COC1=CC=C(C=C1)[N+](=O)[O-],2
C1=CC(=CC(=C1)[N+](=O)[O-])C(=O)N,0.8
C1=CC=C(C=C1)[N+](=O)[O-],1.9
C1=CC=C(C(=C1)CCO)[N+](=O)[O-],1.5
C1=CC=C(C(=C1)CO)[N+](=O)[O-],1.2
C1=CC(=CC=C1C(=O)O)[N+](=O)[O-],1.9
C1=CC(=CC(=C1)[N+](=O)[O-])C(=O)Cl,2.8
C1=CC=C(C=C1)C2=CC=CC=C2[N+](=O)[O-],3.7
C1=CC=C(C=C1)C2=CC=C(C=C2)[N+](=O)[O-],3.8
CCCC[N+](=O)[O-],1.5
C1CCC(CC1)[N+](=O)[O-],1.8
CCN(CC)[N+](=O)[O-],1.4
C(CO)[N+](=O)[O-],-0.4
C=C[N+](=O)[O-],0.7
C1=CC=C(C=C1)CC[N+](=O)[O-],2.1
CCCCCC[N+](=O)[O-],2.7
C1=CC=C(C=C1)C[N+](=O)[O-],1.8
C1=CC=C2C=C(C=CC2=C1)[N+](=O)[O-],3.3
CCCCCCCC[N+](=O)[O-],3.8
CCCCC[N+](=O)[O-],2
CCC(CC)[N+](=O)[O-],1.8
C1=CC=C(C(=C1)[N+](=O)[O-])O,1.8
C1=CC=C(C=C1)OC2=CC=C(C=C2)[N+](=O)[O-],3.8
CC(=O)C1=CC(=CC=C1)[N+](=O)[O-],1.4
CCN(CC)N=O,0.5
CN(C)N=O,-0.6
CCCN(CCC)N=O,1.4
CN(C=C)N=O,0.7
C1=CSC(=C1)[N+](=O)[O-],1.6
CC1=CC=CC=C1[N+](=O)[O-],2.3
CC1=CC(=CC=C1)[N+](=O)[O-],2.4
CC1=CC=C(C=C1)[N+](=O)[O-],2.4
C1=CC=C(C(=C1)C(F)(F)F)[N+](=O)[O-],2.6
C1=CC(=CC(=C1)[N+](=O)[O-])C(F)(F)F,2.6
C1=CC=C(C=C1)C=C[N+](=O)[O-],2.1
CCCCCCCCC#N,3.1
CCCCCCCCCN,3.7
CCCCCCCCCCCCCCCCCC#N,8
CCCCCCCCCCCCCCCCCCN,8.5
CCCCCCCC(=O)N,2.4
CCCCCCCCC1=CC=C(C=C1)N,5
CCCCCCCCN(C)C,4.2
CCCCCCCCON=O,3.5
C1=NN=CO1,-0.2
C1=CC=C(C=C1)C(=O)C#N,1.9
C1(=C(C(=NC(=C1Cl)Cl)Cl)Cl)Cl,4.7
CCCCCCCCCCCCCCCN,6.9
C1(=C(C(=C(C(=C1F)F)F)F)F)N,1.7
C(#N)C1=C(C(=C(C(=C1F)F)F)F)F,2.1
CCCCC(=O)N,0.7
CCC(CC)N,1.1
C(CCN)CCN,-0.6
C(CC#N)CC#N,-0.7
CCCC(=NO)C,1
C=CCCC#N,1
CC=CCCC1=CC=CC=N1,2.5
CCC(C)(C)C1=CC=C(C=C1)N,3.2
CCCCCON=O,1.8
C1(=C(C(=NC(=C1F)F)F)F)F,2
C1=CC2=C3C(=CC=C4C3=C1C5=C6C4=CC=C7C6=C(C=C5)C(=O)NC7=O)C(=O)NC2=O,3.3
C1=CC=C2C(=C1)C=NC3=CC=CC=C23,3.5
C1=CC2=C(C3=C(C=C2)N=CC=C3)N=C1,2.5
C1=CC2=C(C3=C(C=CC=N3)C=C2)N=C1,1.8
C1=CC=C2C(=C1)NC3=CC=CC=C3S2,4.2
C1=CC=C(C=C1)OC2=CC=CC=C2N,2.5
C1=CC=C(C=C1)C2=C3C=CC=CC3=NC4=CC=CC=C42,5.2
C1=CC=C(C=C1)NC2=CC(=CC=C2)O,3.1
C1=CC=C(C=C1)NC2=CC=C(C=C2)O,2.8
C1=CC=C(C=C1)NC2=CC=CC=C2N,2.8
C1=CC=C(C=C1)NC2=CC=C(C=C2)N,2.5
C1=CC=C(C=C1)CC(C2=CC=CC=C2)N,2.8
C1=CC=C(C=C1)C(C2=CC=CC=C2)N,2.4
C1=CC=C(C=C1)C(=N)C2=CC=CC=C2,3
C1=CC=C(C=C1)C2=NC3=CC=CC=C3S2,4.3
C1=CC=C(C=C1)NCCO,0.8
CC(=NO)C1=CC=CC=C1,1.9
C1=CC=C(C=C1)CCC2=CC=CC=N2,3.1
C1=CC=C(C=C1)NN,1.2
C1=CC=C(C=C1)C2=NC=CN2,1.9
C1=CC=C(C=C1)N=C(Cl)Cl,3.8
C1=CC=C(C=C1)C=NC2=CC=CC=C2,2.8
CCN=CC1=CC=CC=C1,1.9
CN=CC1=CC=CC=C1,1.6
C1=CC=C(C=C1)NC2=CC3=CC=CC=C3C=C2,5.1
C1CNCCC1C2=CC=CC=C2,2
CCC(=O)NC1=CC=CC=C1,1.6
C1=CC=C(C=C1)C=CC#N,2
CC(CC1=CC=CC=C1)N,1.8
C1=CC=C(C=C1)CCCC2=CC=NC=C2,3.5
C1=CC=C(C=C1)C2=CC=CC=N2,2.6
C1=CC=C(C=C1)C2=CN=CC=C2,2.5
C1=CC=C(C=C1)C2=CC=NC=C2,2.6
C1=CC=C(C=C1)C(=O)C2=CC=CC=N2,1.9
C1=CC=C(C=C1)C(=O)C2=CC=NC=C2,2
C1=CC=C(C=C1)C2=CC=CN2,1.6
C1=CC=C(C=C1)C2=NC3=CC=CC=C3C=C2,3.9
C1=CC=C(C=C1)SC#N,2.5
C1=CC=C(C=C1)NC(=O)N,0.8
C1=CC=C2C=NN=CC2=C1,0.6
C1CCNC(C1)CCO,0.4
C1CNCCC1CCO,0.2
C1CNCCC1CN,-0.4
C1CCNC(=O)C1,-0.5
C1CCNC(C1)C2=CN=CC=C2,1
CCC=NO,0.5
CCC(=O)N,-0.7
CC(CN)N,-1.2
C(C(CN)N)N,-2.5
CC(=NO)C,0.1
CC=CC1CCCCN1,1.6
CCCNCCO,0
CCCC1=CC=C(C=C1)N,2.4
CCCNC1=CC=CC=C1,2.5
CCCOC(=O)N,0.4
CC1CN1,0
CCCN=C=O,1.9
CCCON=O,0.9
CCCC1CCCCN1,2
CCCC1CCC(CN1)O,1
CCCNC(=O)CC,0.9
CCCC1=CC=CC=N1,1.8
CCCC1=CC=NC=C1,2.1
C#CCN,-0.4
C1=CNN=C1,0.3
C1=CC=NN=C1,-0.7
C1=CC(=CN=C1)N,0.1
C1=CN=CC=C1N,0.3
C1=CC=NC(=C1)C#N,0.4
C1=CC(=CN=C1)C#N,0.2
C1=CN=CC=C1C#N,0.5
C1=CC(=NC(=C1)N)N,0.2
C1=CC=NC(=C1)CCN,0.1
C1=CC=NC(=C1)CN,-0.2
C1=CC(=CN=C1)CN,-0.3
C1=CN=CC=C1CN,-0.4
C1=CC(=CN=C1)CO,0
C1=CC=NC(=C1)CCCO,0.6
C1=CC(=CN=C1)CCCO,0.6
C1=CNC=CC1=O,-1.3
C1=CC(=O)NC=C1,-0.6
CC(=O)C1=CC=CC=N1,0.9
CC(=O)C1=CN=CC=C1,0.4
CC(=O)C1=CC=NC=C1,0.5
C1=CC=NC(=C1)NC2=CC=CC=N2,2
C1=CN=C(N=C1)N,-0.2
C1CC(NC1)C2=CN=CC=C2,0.2
C1CC(=O)NC1,-0.8
CC(=O)C1=CC=CN1,0.9
CC(=O)C#N,-0.1
C1=CC=C2C(=C1)C=NC=N2,1
C1=CC(=C2C=CC=NC2=C1)N,1.2
C1=CC2=C(C=CC(=C2)O)N=C1,1.8
C1=CC2=C(C(=C1)O)N=CC=C2,2
C1=CC=C2C(=C1)N=CC=N2,1.3
C1=CC=C2C(=C1)NC(=O)C=N2,0.8
C(CC(=O)N)C(=O)N,-2.1
C1CC(=O)NC1=O,-1
C1=CC=C(C=C1)N=S=O,2.5
C1=CC=NC(=C1)C2=NC(=CC=C2)C3=CC=CC=N3,2.4
C1=C(C(=C(C(=C1Cl)Cl)[N+](=O)[O-])Cl)Cl,3.9
C1=C(C(=NC(=C1Cl)Cl)Cl)Cl,3.3
C(#N)C(=C(C#N)C#N)C#N,-0.2
CCCCCCCCCCCCCCN,6.4
C(CNCCNCCNCCN)N,-2.9
CCN(CC)CCN(CC)CC,1.8
CCN(CC)CN(CC)CC,1.9
CCN(CC)C(=O)N(CC)CC,1.2
C(C([N+](=O)[O-])(F)F)([N+](=O)[O-])(F)F,1.3
C1CCC2=C(C1)C3=CC=CC=C3N2,3.3
C1CC(OC1)CN,-0.3
C1CNCC2=CC=CC=C21,1.6
COC1=CC2=C(C=C1)NCCC2,2.3
C1CCC2=C(C1)C=CC=C2N,2.6
CCCC1=NCCCC1,1.2
C1CNCC=C1,0.5
C1CC2=CC=CC=C2NC1,2.3
C1CCC2=C(C1)C=CC=N2,2.1
C1CNC2=CC=CC=C2N1,1.7
CC1=C(C(=CC=C1)C)N(C)C,2.8
CN(C)C1=CC=CC=C1N(C)C,2.2
CN(C)C1=CC=C(C=C1)N(C)C,2.6
CN(C)CCCCN(C)C,1
CN(C)CCN(C)C,0.3
CN(C)CCCCCCN(C)C,1.7
CN(C)CN(C)C,0.4
CC1(CC(CC(N1)(C)C)N)C,0.6
CC1(CCCC(N1)(C)C)C,2.1
CC1(CC(=O)CC(N1)(C)C)C,0.5
CN(C)CCCN(C)C,0.7
CC1=C(N=C(C(=N1)C)C)C,1.3
CN(C)C(=O)N(C)C,0.2
C1=NN=CN=N1,-1.4
C1=NSN=C1,0.4
C1=NN=CS1,0.4
C1=CSC=N1,0.4
C1CSCN1,0.3
C(CSCCN)N,-1
C1CSCCN1,0.2
C1=CSC(=C1)C#N,1.3
C1=CSC=C1C#N,1.3
CC1=C(C=C(C=C1)N=C=O)N=C=O,3.9
C1=CN=NC=N1,-0.8
C1=NC=NC=N1,0
C1=NNN=C1,-0.3
C1=NC=NN1,-0.6
C1=CC=C(C=C1)CN(CC2=CC=CC=C2)CC3=CC=CC=C3,4.7
C1=C(C=C(C(=C1Br)N)Br)Br,3.3
C(=O)(C(Cl)(Cl)Cl)N,1
C(#N)C(Cl)(Cl)Cl,2.1
C1=CC(=C(C(=C1N)Cl)Cl)Cl,3.7
C1=C(C(=CC(=C1Cl)Cl)Cl)N,3.7
C1=C(C=C(C(=C1Cl)N)Cl)Cl,3.7
C1=C(C(=CC(=C1Cl)Cl)Cl)[N+](=O)[O-],3.5
C([N+](=O)[O-])(Cl)(Cl)Cl,2.1
C1=C(N=C(N=C1Cl)Cl)Cl,3.1
C1(=NC(=NC(=N1)Cl)Cl)Cl,2.9
CCCCCCCCCCCCC#N,5.3
CCCCCCCCCCN(CCCCCCCCCC)CCCCCCCCCC,13.8
CCCCCCCCCCCCCN,5.8
C(CO)N(CCO)CCO,-1
C(=O)(C(F)(F)F)N,0.1
C(C(F)(F)F)N,0.2
C1=CC(=CC(=C1)N)C(F)(F)F,2.3
C1=CC(=CC(=C1)C(F)(F)F)C#N,3
CCCCCCN(CCCCCC)CCCCCC,7.3
CC(C)CN(CC(C)C)CC(C)C,4.3
CC(C)CCN(CCC(C)C)CCC(C)C,5.3
CC1=CC(=C(C=C1C)N)C,2.3
CC1=CC(=C(C(=C1)C)N)C,2.3
CC1=CC(=C(C(=C1)C)[N+](=O)[O-])C,2.8
CC1CCNC(C1)(C)C,1.7
CC1=NC2=C(C=C1)C=C(C=C2)N(C)C,2.7
CNC(=O)N(C)C,-0.4
C1=C(C=C(C=C1[N+](=O)[O-])[N+](=O)[O-])[N+](=O)[O-],1.2
C([N+](=O)[O-])([N+](=O)[O-])([N+](=O)[O-])F,0.5
CC1=C(C=C(C=C1[N+](=O)[O-])[N+](=O)[O-])[N+](=O)[O-],1.6
CCCCCCCCN(CCCCCCCC)CCCCCCCC,10.5
CCCCCN(CCCCC)CCCCC,5.6
C1=CC=C(C=C1)N(C2=CC=CC=C2)C3=CC=CC=C3,5.7
CCCN(CCC)CCC,2.8
C(C(N(C(C(C(F)(F)F)(F)F)(F)F)C(C(C(F)(F)F)(F)F)(F)F)(F)F)(C(F)(F)F)(F)F,7.9
CCCCCCCCCCCN,4.7
C=CC1=CC=CC=N1,1.5
C=CC1=CN=CC=C1,1.4
CCCC(=O)NC1=CC(=C(C=C1)OCC(CNC(C)C)O)C(=O)C,1.7
CC(=O)CC(C1=CC=C(C=C1)[N+](=O)[O-])C2=C(C3=CC=CC=C3OC2=O)O,2.5
CC(=O)NNC1=CC=CC=C1,0.7
CC(=O)CC(=O)NC1=CC=CC=C1,1.5
CC(=O)NN,-1.6
CC(=O)NO,-1.6
CC(C(=O)O)NC(=O)C,-0.9
CC(=O)NC1=CC=CC=C1C(=O)O,1.9
CC(=O)NC1=CC=C(C=C1)C(=O)O,1.3
CC(=O)NC(C=O)C(C(C(CO)O)O)O,-3.4
CC(=O)NC1=CC2=C(C=C1)C3=CC=CC=C3C2,3.3
CC(=O)NC1=CC=CC2=C1C3=CC=CC=C3C2,2.7
CC(=O)NCCCCCC(=O)O,0.1
CC(=O)NC(CS)C(=O)O,0.4
CC(=O)NCCO,-1.1
CC(=O)NC(CCC(=O)O)C(=O)O,-1.8
CC(=O)NCC(=O)O,-1.2
CC(=O)NC(CCSC)C(=O)O,0.1
CC(=O)NC1C(CC(OC1C(C(CO)O)O)(C(=O)O)O)O,-3.5
CC(=O)NC(CC1=CC=CC=C1)C(=O)O,0.6
CCOC(=O)C(CC1=CC=CC=C1)NC(=O)C,1.3
CC(=O)NC(CC1=CC=CC=C1)C(=O)OC,0.9
CC(=O)NC(CC1=CNC2=CC=CC=C21)C(=O)O,1.1
CC(=O)NC(CC1=CC=C(C=C1)O)C(=O)O,-0.2
CCOC(=O)C(CC1=CC=C(C=C1)O)NC(=O)C,0.7
CC(C)C(C(=O)O)NC(=O)C,0
C1=CC(=C(C=C1C(F)(F)F)Cl)OC2=CC(=C(C=C2)[N+](=O)[O-])C(=O)O,3
C1=CC=C2C(=C1)C(=C3C=CC=CC3=N2)N,2.8
C1=CC(=CC2=NC3=C(C=CC(=C3)N)C=C21)N,1.8
C1=CC=C2C(=C1)C(=O)C3=CC=CC=C3N2,3
C(CCC(=O)O)CC(=O)N,-0.6
CC=CC=CCCC=CC(=O)NCC(C)C,3.6
CCC1=C(C(=CC=C1)CC)N(COC)C(=O)CCl,3.5
C1(C(=O)NC(=O)N1)NC(=O)N,-2.2
C1=NNC2=C1C(=O)NC=N2,-0.7
C=CCOC(=O)NCO,0
C=CCC1(C(=O)NC(=O)NC1=O)C2=CC=CC=C2,1.7
C=CCNC(=O)N,-0.4
CCNC1=NC(=NC(=N1)SC)NC(C)C,3
CC(C)C1=CC2=C(C=C1)C3(CCCC(C3CC2)(C)CN)C,5.4
C(C(=O)N)N,-1.8
C(C(C(=O)O)N)N,-4.3
C1=CC=C2C(=C1)C(=O)C3=C(C2=O)C(=CC=C3)N,3.2
C1=CC=C2C(=C1)C(=O)C3=C(C2=O)C=C(C=C3)N,2.7
C1=CC(=CC=C1C(=O)N)N,-0.4
C1=CC(=CC=C1CC(=O)O)N,0.9
C1=C(C=C(C=C1C(=O)O)N)C(=O)O,0.3
C1=CC(=CC=C1CCO)N,0.1
C1=CC(=CC=C1N)S,1.3
C1=CC(=CC=C1C#N)N,1.3
C1=CC=C(C=C1)C(=O)C2=CC=C(C=C2)N,2.7
C1=CC(=CC=C1C(=O)NC(CCC(=O)O)C(=O)O)N,0
C1=CC(=CC=C1C(=O)NCC(=O)O)N,-0.9
C1=CC=C(C=C1)C2=CC(=CC=C2)N,3.3
C1=CC(=C(C=C1Br)C(=O)O)N,1.6
CC(CC(=O)O)N,-3.1
CC1=C(C=CC(=C1)OC(=O)NC)N(C)C,1.9
CC(=O)NC(=O)N,-0.7
CCC(CC)(C(=O)NC(=O)N)Br,1.5
CC(C)C(C(=O)NC(=O)N)Br,1.1
C1=CC=C(C(=C1)C(=O)N)OCC(=O)O,0.4
C1=CC2=C(C(=C1)N)C(=O)C3=C(C2=O)C(=CC=C3)Cl,3.4
C1=CC(=C(C=C1Cl)C(=O)O)N,1.6
C1=CC(=C(C=C1N)C(=O)O)Cl,1.5
C1=CC=C(C=C1)C(=O)C2=C(C=CC(=C2)Cl)N,3.8
C1=CC(=C(C=C1Cl)N)O,1.8
C(C(C(C(C(CO)O)O)O)O)N,-3.4
C1=CC=C2C(=C1)C(=O)C3=C(C2=O)C(=C(C=C3Br)Br)N,4.1
C1=C(C=C(C(=C1C(=O)O)Cl)N)Cl,2
C1=CC=C(C(=C1)C(=O)C2=C(C=CC(=C2)Cl)N)Cl,4.4
C1=C(C=C(C(=C1N)O)Cl)Cl,2.3
C1=C(C=C(C(=C1Cl)O)Cl)N,2.4
C1=CC2=C(C(=C1)N)C(=O)NNC2=O,0.3
C1=C(C=C(C(=C1N)O)[N+](=O)[O-])[N+](=O)[O-],0.9
CC(N)O,-0.9
CC(=O)NCCN,-1.4
CC(C(C1=CC=CC=C1)O)N,0.8
C1=CC(=CC=C1CCN)O,1.1
CCC(CO)(CO)N,-1.3
C(CCC(=O)O)CCN,-3
C(CCCO)CCN,0
C1=CC=C2C(=C1)C(=O)C3=C(C=CC(=C3C2=O)O)N,3.4
C1=CC(=C(C=C1N)O)C(=O)NN,0.3
C1=CC(=C(C(=C1)O)N)C(=O)O,0.9
C1=CC(=C(C=C1N)C(=O)O)O,1.3
C(C(CO)N)C(=O)O,-4.1
C(C(CN)O)C(=O)O,-4.1
C1=CN=C2C(=N1)C(=O)NC(=N2)N,-1.4
C1=NC(=C(N1)C(=O)N)N,-0.5
C1=CC2=C(C(=C1)N)C(=O)NC2=O,0.6
CC1=C(C2=C(C=C1)C(=O)C3=CC=CC=C3C2=O)N,3.1
C1=CC=C(C=C1)C(CN)O,0.1
C1CC(CCC1CN)C(=O)O,-2
CC1=CC(=C(C=C1)O)N,1.2
CC1=C(C=CC(=C1)N)O,0.7
CC1=C(C=CC(=C1)O)N,0.9
CC(CO)(CO)N,-1.8
CC(C)(C(=O)O)N,-2.8
CC(CN)C(=O)O,-2.9
C1=CC=C2C=C(C(=CC2=C1)C(=O)O)N,2.6
C1=CC=C2C(=C1)C(=O)C=C(C2=O)N,1.8
C1=CC2=C(C=CC=C2O)C(=C1)N,1.5
C1=CC2=C(C=C(C=C2)O)C(=C1)N,1.6
C1=CC(=C(C=C1[N+](=O)[O-])N)C(=O)O,1.9
C1=CC(=C(C=C1[N+](=O)[O-])C(=O)O)N,1.9
C1=CC(=C(C=C1[N+](=O)[O-])C#N)N,1.8
C1=CC(=C(C=C1[N+](=O)[O-])N)O,1.5
C1=CC(=C(C=C1[N+](=O)[O-])O)N,1.5
C1=CC(=C(C=C1N)[N+](=O)[O-])O,1
CCCCCCC(C(=O)O)N,-0.5
C(=CC(=O)O)C(=O)N,-1
C(CC(=O)O)C(=O)CN,-3.8
C1=CC(=CC(=C1)O)N,0.2
C1=CC(=CC=C1N)O,0
CC(=O)NC1=CC=CC(=C1)N,0.9
C1=CC(=CC=C1N)NC2=CC=C(C=C2)N,2.1
CCCCC(=O)C1=CC=C(C=C1)N,2.3
CCC(=O)C1=CC=C(C=C1)N,1.7
CCC(C(C1=CC=CC=C1)O)N,1.4
CC(CC1=CC=C(C=C1)O)N,1.4
C(CN)CNCCCN,-1.4
C1=NNC(=C1C#N)N,0.1
C1=CC(=NC=C1C(=O)O)N,1.4
C1(C(=O)NC(=O)NC1=O)N,-2.1
C(C(Cl)(Cl)Cl)(N)O,0.6
C(CCCCCN)CCCCC(=O)O,-1
CCC1(C(=O)NC(=O)NC1=O)CCC(C)C,2.1
CCN(CC)CCC1(C2=CC=CC=C2OC1=O)C3=CC=CC=C3,4
C1=CC=C(C=C1)C(C#N)OC2C(C(C(C(O2)COC3C(C(C(C(O3)CO)O)O)O)O)O)O,-2.7
COC1=C(C(=C2CNCCC2=C1)O)OC,0.9
CC1C2=C(C(=C(C=C2CCN1)OC)OC)O,1.3
CC1C2=C3C(=C(C=C2CCN1)OC)OCO3,1.5
C1=CC=C(C(=C1)NC2=NC(=NC(=N2)Cl)Cl)Cl,3
C1=CC=C(C(=C1)C(=O)O)N,1.2
C1=CC(=CC(=C1)N)C(=O)O,0.1
C1=CC(=CC=C1C(=O)O)N,0.8
C1CN=C(N1)CN(CC2=CC=CC=C2)C3=CC=CC=C3,2.6
C1=CC=C2C=C3C=C(C=CC3=CC2=C1)N,3.5
C1=CC=C2C(=C1)C=C3C=CC=CC3=C2C#N,4.3
CC(C)C1(C(=O)NC(=O)NC1=O)CC=C,1.1
C(C(C(=O)O)N)C(=O)N,-3.4
COC(=O)C(CC1=CC=CC=C1)NC(=O)C(CC(=O)O)N,-2.7
C(C(C(=O)O)N)C(=O)O,-2.8
CC(C)NCC(COC1=CC=C(C=C1)CC(=O)N)O,0.2
CCNC1=NC(=NC(=N1)Cl)NC(C)C,2.6
C1CCCCCC(=O)NCCCCC1,2.8
C12=NNN=C1N=C(NC2=O)N,-1.5
C1CNC1=O,-0.8
CCCCN(CC)C1=C(C=C(C=C1[N+](=O)[O-])C(F)(F)F)[N+](=O)[O-],5.3
C1=CC(=CC(=C1)Cl)NC(=O)OCC#CCCl,3.2
CCC1(C(=O)NC(=O)NC1=O)CC,0.6
C1C(=O)NC(=O)NC1=O,-1.5
CCN(CC)CCOC(=O)C(C1=CC=CC=C1)(C2=CC=CC=C2)O,2.6
CC1=C(C(=CC=C1)C)N(C(C)C(=O)OC)C(=O)CC2=CC=CC=C2,3.4
CC1(OC2=C(O1)C(=CC=C2)OC(=O)NC)C,1.7
C1=CC=C2C(=C1)C=CC3=CC4=CC=CC=C4N=C32,4.8
C1=CC=C(C=C1)CC(=O)N,0.5
C1=CC=C(C=C1)CC(=O)NN,0.4
C1=CC=C(C(=C1)C(=O)N)C(=O)N,-1.7
C1=CC(=CC=C1C(=O)N)C(=O)N,0.7
C1=CC=C(C=C1)CCCOC(=O)N,2
C1=CC=C2C(=C1)NC(=N2)N,0.9
C1=CC=C2C(=C1)NC(=N2)CC#N,1.4
C1=CC2=C3C(=C1)C(=O)NC(=O)C3=CC=C2,1.7
C1OC2=C(O1)C=C(C=C2)N,0.9
C1=CC=C(C=C1)C(=O)NN,0.2
C1=CC=C2C(=C1)N=C(S2)N,1.9
C1=CC2=C(C=C1N)SC=N2,1.3
C1=CC=C2C(=C1)N=C(S2)NN,1.8
C1=CC=C(C(=C1)C2=NC3=CC=CC=C3S2)O,3.9
C1=CC2=NNN=C2C=C1,1
CC(C(=O)O)NC(=O)C1=CC=CC=C1,1.2
C1=CC=C(C=C1)C(=O)NC2=CC(=C(C=C2)C(=O)O)O,3.3
C1=CC=C(C=C1)C(=O)NNC(=O)C2=CC=CC=C2,1.7
C1=CC=C(C=C1)C(=O)NCC(=O)O,0.3
CCOC(=O)C(CC1=CC=C(C=C1)O)NC(=O)C2=CC=CC=C2,2.4
CC(=O)NCC1=CC=CC=C1,1
C1=CC=C(C=C1)CC2=NC3=CC=CC=C3N2,3.2
C1CN=C(N1)CC2=CC=CC=C2,2.6
COC(=O)C(CC1=CC=CC=C1)NC(=O)C(CC(=O)O)NC(=O)OCC2=CC=CC=C2,2.4
C1=CC=C(C=C1)COC(=O)NC(CCC(=O)N)C(=O)O,0.3
C1=CC=C(C=C1)COC(=O)NCC(=O)O,1
CC(C)CC(C(=O)O)NC(=O)CNC(=O)OCC1=CC=CC=C1,2.1
C1=CC=C(C=C1)CC(C(=O)O)NC(=O)CNC(=O)OCC2=CC=CC=C2,2
C1=CC=C(C=C1)CNC(=O)N,0.7
C1C2CC(C1C=C2)C#N,1.4
COC(=O)C1=C(C=CC(=C1)OC2=C(C=C(C=C2)Cl)Cl)[N+](=O)[O-],4.5
CC1=C(C(=CC2=C(C(=C(N2)C=C3C(=C(C(=O)N3)C)C=C)C)CCC(=O)O)NC1=CC4=NC(=O)C(=C4C)C=C)CCC(=O)O,2.5
CCC(C)C1=C(C(=CC(=C1)[N+](=O)[O-])[N+](=O)[O-])OC(=O)C=C(C)C,4.6
C1=CC=C(C=C1)C2=CC=C(C=C2)C#N,3.7
C1=CC=C(C(=C1)C2=CC=CC=C2N)N,2.4
CC(=O)NC1=CC=C(C=C1)C2=CC=CC=C2,3
C1=CC=C(C=C1)C2=CC=C(C=C2)C3=NN=C(O3)C4=CC=CC=C4,4.7
C1=CC=C2C(=C1)C=CC(=N2)C3=NC4=CC=CC=C4C=C3,4.3
CC1=C(C=CC(=C1)C2=CC(=C(C=C2)NC(=O)CC(=O)C)C)NC(=O)CC(=O)C,3.4
CC(=O)OC1=CC=C(C=C1)C(C2=CC=C(C=C2)OC(=O)C)C3=CC=CC=N3,3.8
C1=CC=C(C(=C1)N)SSC2=CC=CC=C2N,3.1
C1=CC(=CC=C1N)SSC2=CC=C(C=C2)N,3
C1=CC(=CC=C1CCC2=CC=C(C=C2)N)N,1.9
C(CCNCCCN)CNCCCN,-1.1
C1=CC=C(C=C1)N(CCCl)CCCl,2.9
C1=CC=C(C(=C1)NNC2=CC=CC=C2Cl)Cl,5
CCN(CC)C1=CC=C(C=C1)C(=O)C2=CC=C(C=C2)N(CC)CC,5.3
CN(C)C1=CC=C(C=C1)CC2=CC=C(C=C2)N(C)C,3.9
CN(C)C1=CC=C(C=C1)C(C2=CC=C(C=C2)N(C)C)O,3
CN(C)C1=CC=C(C=C1)C(C2=CC=CC=C2)C3=CC=C(C=C3)N(C)C,5.3
CCCCCCCCCCCC(=O)N(CCO)CCO,3.5
C(CNCCO)NCCO,-1.9
CC1=CC(=CC=C1)N(CCO)CCO,1.4
CC1=C(OC(=N1)C2=CC=C(C=C2)C3=NC(=C(O3)C4=CC=CC=C4)C)C5=CC=CC=C5,6.2
C1=CC=C(C(=C1)[N+](=O)[O-])SSC2=CC=CC=C2[N+](=O)[O-],3.4
C1=CC(=CC(=C1)SSC2=CC=CC(=C2)[N+](=O)[O-])[N+](=O)[O-],4.1
C1=CC(=CC=C1[N+](=O)[O-])SSC2=CC=C(C=C2)[N+](=O)[O-],3.7
C1=CC(=CC=C1CCC2=CC=C(C=C2)[N+](=O)[O-])[N+](=O)[O-],3.8
C(C(Cl)(Cl)Cl)(NC(=O)NC(C(Cl)(Cl)Cl)O)O,2
CC1(C2CCC1(C(C2)N)C)C,2.5
CC(=O)NBr,0.1
CCC(C)C1(C(=O)NC(=O)NC1=O)CC(=C)Br,1.9
CC(C)C1(C(=O)NC(=O)NC1=O)CC(=C)Br,1.6
C1=CC(=CC=C1CC#N)Br,2.5
C(CC(CBr)(C#N)Br)C#N,1.4
C1=C(C=C(C(=C1[N+](=O)[O-])N)Br)[N+](=O)[O-],2.1
C1=CC(=C(C=C1[N+](=O)[O-])[N+](=O)[O-])Br,2.2
CCC(CC)(C(=O)N)Br,1.6
C1=CC(=CC(=C1)C#N)CBr,2.3
C1=CC(=CC=C1CBr)C#N,2.2
C1=CC(=CC(=C1)[N+](=O)[O-])CBr,2.7
C1=CC(=CC=C1CBr)[N+](=O)[O-],2.7
C1=CC(=C(C=C1[N+](=O)[O-])CBr)O,1.8
C1=CC(=C(C=C1Br)[N+](=O)[O-])N,1.9
C(C(CO)([N+](=O)[O-])Br)O,-0.6
CC(=O)NC1=CC=C(C=C1)Br,2.3
C1=CC(=CC=C1NN)Br,2.3
C1=CN=CC=C1Br,1.5
C([N+](=O)[O-])([N+](=O)[O-])([N+](=O)[O-])Br,0.9
C1=C(C(=O)NC(=O)N1)Br,-0.2
CCC(C)NC1=NC(=NC(=N1)NCC)OC,3.2
CCCCOCN(C1=C(C=CC=C1CC)CC)C(=O)CCl,4.5
CC(C)CC1(C(=O)NC(=O)NC1=O)CC=C,1.7
CCCCNCC(=O)NC1=C(C=CC=C1Cl)C,2.1
CCCCOC1=CC=C(C=C1)CC(=O)NO,1.9
CCC(C)NC1=C(C=C(C=C1[N+](=O)[O-])C(C)(C)C)[N+](=O)[O-],5.1
CCCCOC(=O)C1=CC=C(C=C1)N,2.9
CC(C)(C)NSC1=NC2=CC=CC=C2S1,3.4
CCCCOC(=O)N,0.8
CCCCNC(=O)C1=C(C=C(C=C1)Cl)O,3.3
CCCCNC1CCCCC1,2.9
CC1=C(C(=C(C(=C1[N+](=O)[O-])C(C)(C)C)[N+](=O)[O-])C)C(=O)C,3.7
CC1=C(C(=C(C(=C1[N+](=O)[O-])C(C)(C)C)[N+](=O)[O-])C)[N+](=O)[O-],3.8
CC(C)(C)C1=C(C(=CC(=C1)[N+](=O)[O-])[N+](=O)[O-])O,3.4
CCCCC1(C(=O)NC(=O)NC1=O)CC,1.7
CC1=C(C=C(C(=C1[N+](=O)[O-])OC)C(C)(C)C)[N+](=O)[O-],3.6
CC(C)(C)NC(=O)C=C,1.1
CCCCC1=CN=C(C=C1)C(=O)O,2.6
CCCCNC(=O)N,0.4
CCC(C)NC(=O)N,0.3
CC(C)(C)NC(=O)N,0
CC(C)C=CCCCCC(=O)NCC1=CC(=C(C=C1)O)OC,3.6
CNC(=O)OC1=CC=CC2=CC=CC=C21,2.4
C1=CC=C(C=C1)COC(=O)NN,0.9
CC1(CC2=C(O1)C(=CC=C2)OC(=O)NC)C,2.3
C(=N)(F)F,0.9
C1=CC=C2C(=C1)C3=C(N2)C=CN=C3,2.3
C(=O)(NN)NN,-1.6
C1=CC(=CC=C1[N+](=O)[O-])OC(=O)Cl,2.6
C1=CC(=CC=C1COC(=O)Cl)[N+](=O)[O-],2.8
CC1=C(SCCO1)C(=O)NC2=CC=CC=C2,2.1
C(C(C(=O)O)C(=O)O)C(C(=O)O)N,-3.7
C(C(C(=O)O)N)SCC(=O)O,-3.1
CCCC(C)(COC(=O)N)COC(=O)NC(C)C,1.9
C1=C(NC=N1)CC(C(=O)O)NC(=O)CCN,-4
CC1C2CCC(N1)CCCCCCCC(=O)OC3CCC(CCCCCCCC(=O)O2)NC3C,6.3
CC1C2C(CCC1=CC(=O)OCCN(C)C)C3(CCC(C(C3CC2=O)(C)C)O)C,3.1
CC=CCC=CCCC(=O)C1C(O1)C(=O)N,0.8
C1=CC(=CC=C1CCCC(=O)O)N(CCCl)CCCl,1.7
C1=CC(=CC=C1C(C(CO)NC(=O)C(Cl)Cl)O)[N+](=O)[O-],1.1
CCCCCCCCCCCCCCCC(=O)OCC(C(C1=CC=C(C=C1)[N+](=O)[O-])O)NC(=O)C(Cl)Cl,9
CN(C(=O)NC1=CC(=C(C=C1)Br)Cl)OC,3.1
CC(C#C)OC(=O)NC1=CC(=CC=C1)Cl,3.1
C1=CC=C2C=C(C=CC2=C1)N(CCCl)CCCl,4.5
CC(=O)CC(=O)NC1=CC=C(C=C1)Cl,2.1
CC(=O)NC1=CC=C(C=C1)C(=O)CCl,1.9
C1=CC=C2C(=C1)C(=C3C=CC=CC3=N2)Cl,4.2
C1=CC=C(C(=C1)C(=O)N)Cl,0.6
C1=CC(=C(C=C1Cl)N)N,1.3
C1=CC(=C(C=C1N)N)Cl,0.8
C1=CC(=C(C=C1N)Cl)N,1.6
C1=CC(=CC(=C1)Cl)C#N,1.7
C1=CC2=C(C(=C1)Cl)N=C(S2)N,2.7
C1=CC2=C(C=C1Cl)SC(=N2)N,2.9
C1=CC2=NNN=C2C=C1Cl,1.7
C1=CC2=C(C=C1Cl)N=C(O2)N,2.5
C1=CC2=C(C=C1Cl)NC(=O)O2,1.8
C1=CC(=CC=C1C2=CC=C(C=C2)Cl)N,4.3
CCN(CCCl)CCCl,1.8
CN(CCCl)CCCl,0.9
C1=CC(=C(C=C1NC(=O)C2=C(C=CC(=C2)Cl)O)Cl)Cl,5.2
COC1=CC(=C(C=C1N)Cl)OC,1.8
CC(=O)CC(=O)NC1=CC(=C(C=C1OC)Cl)OC,2.1
C1=C(C=C(C(=C1[N+](=O)[O-])N)Cl)[N+](=O)[O-],2.1
C1=C(C=C(C(=C1[N+](=O)[O-])N)[N+](=O)[O-])Cl,2.4
C1=CC=C2C(=C1)C(=CC(=C2Cl)[N+](=O)[O-])[N+](=O)[O-],3.5
C1=C(C=C(C(=C1[N+](=O)[O-])O)[N+](=O)[O-])Cl,1.7
C1=C(C=NC(=C1[N+](=O)[O-])Cl)[N+](=O)[O-],1.5
C1=C(C=C(C(=C1[N+](=O)[O-])Cl)[N+](=O)[O-])C(F)(F)F,2.5
C1=CC2=C(C(=C(C=C2Cl)I)O)N=C1,3.5
COC1=C(C=C(C=C1)Cl)N,1.9
CNC1=C(C=C(C=C1)Cl)C(=O)C2=CC=CC=C2,4.4
C1=CC=C(C(=C1)CCl)[N+](=O)[O-],2.5
C1=CC(=CC(=C1)[N+](=O)[O-])CCl,2.5
C1=CC(=CC=C1CCl)[N+](=O)[O-],2.5
C1=CC(=C(C=C1[N+](=O)[O-])Cl)N,2.1
C1=CC(=C(C=C1[N+](=O)[O-])N)Cl,2.1
C1=CC(=C(C=C1Cl)[N+](=O)[O-])N,2.7
C1=CC(=C(C=C1N)[N+](=O)[O-])Cl,2.1
C1=CC(=C(C=C1Cl)N)[N+](=O)[O-],2.7
C1=CC2=C(C(=C1)[N+](=O)[O-])C(=O)C3=C(C2=O)C(=CC=C3)Cl,3.3
C1=C(C=C(C(=C1N)N)[N+](=O)[O-])Cl,1.9
C1=CC(=C(C=C1[N+](=O)[O-])Cl)C(=O)O,2
C1=CC(=C(C=C1[N+](=O)[O-])C(=O)O)Cl,2
C1=CC(=C(C=C1C(=O)O)[N+](=O)[O-])Cl,1.8
C1=CC(=C(C=C1[N+](=O)[O-])Cl)O,2.3
C1=CC(=C(C=C1Cl)[N+](=O)[O-])O,2.5
C1=CC(=C(C=C1Cl)O)[N+](=O)[O-],2.5
C1=CC(=C(N=C1)Cl)[N+](=O)[O-],1.6
C1=CC=C2C(=C1)NC3=C(S2)C=CC(=C3)Cl,4.8
CC(=O)NC1=CC=CC=C1Cl,1.3
CN(C)C(=O)NC1=CC=C(C=C1)Cl,1.9
CCC1=C(C(=NC(=N1)N)N)C2=CC=C(C=C2)Cl,2.7
CC(=O)CC(=O)NC1=CC=CC=C1Cl,1.7
CC(C)OC(=O)NC1=CC(=CC=C1)Cl,3.5
C1=CC(=NN=C1N)Cl,0.3
C1=CC(=NC=C1Cl)N,1.1
CCN(CC)CCCC(C)NC1=C2C=CC(=CC2=NC=C1)Cl,4.6
C1=CC2=C(C=CC(=C2N=C1)O)Cl,2.9
CCN(CC)C1=NC(=NC(=N1)Cl)N(CC)CC,3.8
C1(=NC(=NC(=N1)Cl)N)N,-0.1
C1=CC(=C(C=C1N)C(F)(F)F)Cl,3.5
C1=C(C=C(C(=C1[N+](=O)[O-])Cl)[N+](=O)[O-])[N+](=O)[O-],2.8
CN(C)C(=O)NC1=CC=C(C=C1)OC2=CC=C(C=C2)Cl,3.5
C1=CC(=CC=C1OCC(COC(=O)N)O)Cl,1.2
CN(C)CCC(C1=CC=C(C=C1)Cl)C2=CC=CC=N2.C(=CC(=O)O)C(=O)O,3.5304
CN(C)CCC=C1C2=CC=CC=C2SC3=C1C=C(C=C3)Cl,5.2
CC1(C2CC3C(C(=O)C(=C(C3(C(=O)C2=C(C4=C(C=CC(=C41)Cl)O)O)O)O)C(=O)N)N(C)C)O,-1.3
CC1=C(C=C(C=C1)NC(=O)N(C)C)Cl,2.4
C1=CC=C2C(=C1)C=CC3=C2C=C(C4=CC=CC=C34)N,5
C=CC1CNCCC1CCC(=O)C2=CC=NC3=CC=CC=C23,3
CC(C(C1=CC=CC=C1)O)N(C)CC=CC2=CC=CC=C2,3.8
C1=CC=C(C=C1)C=CCOC(=O)C2=CC=CC=C2N,4
C1=CC=C2C(=C1)C=CN=N2,0.9
C1=CC=C2C(=C1)C(=O)C3=CC4=C(C=C3N2)C(=O)C5=CC=CC=C5N4,4
C(CC(C(=O)O)N)CNC(=O)N,-4.3
C1=CC=C(C(=C1)C2=NN=C(N=N2)C3=CC=CC=C3Cl)Cl,3.2
CCOC(=O)NC(C)(C)CC1=CC=C(C=C1)Cl,3.5
CCN(CC)CCOC1=CC=C(C=C1)C(=C(C2=CC=CC=C2)Cl)C3=CC=CC=C3,7.2
C1C(=O)NC2=C(C=C(C=C2)[N+](=O)[O-])C(=N1)C3=CC=CC=C3Cl,2.4
C1CN=C(N1)NC2=C(C=CC=C2Cl)Cl,1.6
CC1=C(C(=O)C(=C(N1)C)Cl)Cl,2.6
C1=CC(=NC(=C1Cl)C(=O)O)Cl,2.3
COC1=C(C=C2C(NCCC2=C1)CC3=CC=C(C=C3)O)O,2.6
CC(=O)NC1CCC2=CC(=C(C(=C2C3=CC=C(C(=O)C=C13)O)OC)OC)OC,1.2
CC(=O)NC1CCC2=CC(=C(C(=C2C3=CC=C(C(=O)C=C13)OC)OC)OC)OC,1
CC1=CC(=CC(=C1O)CN(CC(=O)O)CC(=O)O)C2(C3=CC=CC=C3C(=O)O2)C4=CC(=C(C(=C4)C)O)CN(CC(=O)O)CC(=O)O,-2
CC1=CC(=NC(=N1)Cl)N(C)C,2
COC1=CC(=NC2=CC=CC=C21)CCC3=CC4=C(C=C3)OCO4,4.2
C(#N)N,-0.3
CCNC1=NC(=NC(=N1)Cl)NC(C)(C)C#N,2.2
C(C#N)C(=O)N,-1
C(C#N)C(=O)O,-0.8
C(C#N)C(=O)NN,-1.3
C1=CC(=CC(=C1)C(=O)O)C#N,1.5
C1=CC(=CC=C1C#N)C(=O)O,1.6
C(CC#N)CC(=O)O,-0.2
C(#N)I,0.9
C1=CC(=CC=C1C#N)OCC(=O)O,0.9
C1=CC=C(C=C1)NC(=O)CC#N,1.6
C1=C(N=CS1)C#N,1
C1(=O)NC(=O)NC(=O)N1,-1.2
CCN(C1CCCCC1)C(=O)SCC,4.1
CCC1(C(=O)NC(=O)NC1=O)C2=CCCCC2,1.8
C1CCC(C(C1)N)N,-0.3
CC1CC(C(=O)C(C1)C(CC2CC(=O)NC(=O)C2)O)C,0.5
C1CCC(CC1)NSC2=NC3=CC=CC=C3S2,4.4
C1CCC(CC1)C2=C(C(=CC(=C2)[N+](=O)[O-])[N+](=O)[O-])O,4.3
CC1CC2C(C(C3(O2)CCC4C5CC=C6CC(CCC6(C5CC4=C3C)C)O)C)NC1,3.5
C=CCC1(C(=O)NC(=O)NC1=O)C2CCC=C2,1.3
CC1CC2C(C(C3(O2)CCC4C5CC=C6CC(CCC6(C5CC4=C3C)C)OC7C(C(C(C(O7)CO)O)O)O)C)NC1,1.9
CN(C)C(=O)NC1CCCCCCC1,2.4
CC1(C(C1C(=O)OC(C#N)C2=CC(=C(C=C2)F)OC3=CC=CC=C3)C=C(Cl)Cl)C,6.2
CC1(C(C1C(=O)OC(C#N)C2=CC(=CC=C2)OC3=CC=CC=C3)C=C(C(F)(F)F)Cl)C,6.1
CC1(C(C1C(=O)OC(C#N)C2=CC(=CC=C2)OC3=CC=CC=C3)C=C(Cl)Cl)C,6
CC(C)NC1=NC(=NC(=N1)NC2CC2)Cl,2.6
C1CC1NC2=NC(=NC(=N2)N)N,-0.2
C(CS)N,-0.4
CC1CCCC(C=CC(=O)OC23C(C=CC1)C(C(=C)C(C2C(NC3=O)CC4=CC=CC=C4)C)O)O,3.4
CC1CC=CC2C(C(=C)C(C3C2(C(C=CC(C1=O)(C)O)OC(=O)C)C(=O)NC3CC4=CC=CC=C4)C)O,2.7
C1=C(NC(=O)N=C1)N,-1.7
CN(C)NC(=O)CCC(=O)O,-3.1
CC1C(C(CC(O1)OC2CC(CC3=C2C(=C4C(=C3O)C(=O)C5=C(C4=O)C(=CC=C5)OC)O)(C(=O)C)O)N)O,1.8
C(CCCCC#N)CCCC#N,1.8
CC1(C(C1C(=O)OC(C#N)C2=CC(=CC=C2)OC3=CC=CC=C3)C=C(Br)Br)C,6.2
CNCC(C(C(C(CO)O)O)O)O,-2.8
CC(C)NC1=NC(=NC(=N1)N)Cl,1.5
CC(=O)N(CCCCCNC(=O)CCC(=O)N(CCCCCNC(=O)CCC(=O)N(CCCCCN)O)O)O,-2.1
CCOC(=O)NC1=CC(=CC=C1)OC(=O)NC2=CC=CC=C2,3.4
CC(C)NC1=NC(=NC(=N1)NC)SC,2.7
CC1C(NC(=O)N1)CCCCCC(=O)O,0.8
CC(=O)NC1=CC=C(C=C1)C2=CC=C(C=C2)NC(=O)C,1.9
C=CCC1(C(=O)NC(=O)NC1=O)CC=C,1
C1=CC=C2C(=C1)C(=O)C3=C(C2=O)C(=C(C=C3)N)N,2.1
C1=CC=C2C(=C1)C(=O)C3=C(C=CC(=C3C2=O)N)N,2.6
C1=CC2=C(C(=C1)N)C(=O)C3=C(C2=O)C(=CC=C3)N,2.6
C1=CC2=C(C(=C1)N)C(=O)C3=C(C2=O)C=CC=C3N,2.1
C1=C(C=C(C=C1N)N)C(=O)O,0.2
C(CN)C(C(=O)O)N,-4.6
C(#N)C(=C(C#N)N)N,-1
C1=CC(=CC=C1N)SC2=CC=C(C=C2)N,2.2
COC1=C(C2=C(C(=C1)N)C(=O)C3=CC=CC=C3C2=O)N,2.6
C1=CC2=C(C(=C1)[N+](=O)[O-])C(=O)C3=C(C=CC(=C3C2=O)N)N,2.4
C(C(CN)O)N,-2.3
CC(=O)NC1=C(C(=C(C(=C1I)C(=O)O)I)NC(=O)C)I,1.8
C1=CC=C2C(=C1)C=CC3=C2C=C4C=CC5=CC=CC=C5C4=N3,6
C1=CC=C2C(=C1)C=CC3=NC4=C(C=C32)C5=CC=CC=C5C=C4,6
C1=CC=C2C(=C1)C=CC3=C2N=C4C(=C3)C=CC5=CC=CC=C54,6
C1=CC=C2C(=C1)C=CC3=C2C4=C(N3)C=CC5=CC=CC=C54,5.9
C1=CC=C2C(=C1)C=CC3=C2NC4=C3C=CC5=CC=CC=C54,6.4
C1=CC=C(C=C1)CNCC2=CC=CC=C2,2.7
C1=CC=C(C=C1)CNCCNCC2=CC=CC=C2,2.4
C1=CC=C(C=C1)CNC(=O)NCC2=CC=CC=C2,2.4
C1=CC(=C(C=C1Br)Br)N,2.9
C1=C(C=C(C=C1Br)Br)N,3.1
C1=CC(=CC=C1NC(=O)C2=C(C(=CC(=C2)Br)Br)O)Br,5
C(#N)C(C(=O)N)(Br)Br,0.6
C1=C(C=C(C(=C1Br)O)Br)C#N,3.5
C1=C(C=C(C(=C1Br)N)Br)[N+](=O)[O-],3.2
C1=CC2=C(C(=C(C=C2Br)Br)O)N=C1,3.2
C1=C(C=C(C(=C1Br)O)Br)CC(C(=O)O)N,-0.4
CCCCOC1=NC2=CC=CC=C2C(=C1)C(=O)NCCN(CC)CC,4.4
CC(C)(C)C1=CC(=CC(=C1O)C(C)(C)C)CN(C)C,4.7
C1=CC(=C(C(=C1)Cl)N)Cl,2.8
C1=CC(=C(C(=C1)Cl)C(=O)N)Cl,0.8
C1=C(C(=CC(=C1Cl)N)Cl)N,2.4
C1=C(C=C(C(=C1Cl)N)Cl)N,2.4
C1=CC(=C(C=C1N)Cl)C2=C(C=C(C=C2)N)Cl,3.7
C1=CC(=C(C=C1C2=CC(=C(C=C2)N)Cl)Cl)N,3.5
C(#N)C1=C(C(=O)C(=C(C1=O)Cl)Cl)C#N,1.6
C1=C(C=C(C(=C1Cl)N)Cl)[N+](=O)[O-],2.9
C1=C(C=C(C=C1Cl)Cl)[N+](=O)[O-],3.1
C1=CC(=NN=C1Cl)Cl,1.7
C1=C(N=C(N=C1Cl)N)Cl,1.8
C1=CC2=C(C=CN=C2C=C1Cl)Cl,3.6
C1=CC2=C(C(=C(C=C2Cl)Cl)O)N=C1,3.5
C1=CC=C2C(=C1)N=C(C(=N2)Cl)Cl,3.1
C1=CC(=C(C2=C1NC(=N2)C(F)(F)F)Cl)Cl,3.6
C1=CC=C(C(=C1)C#N)C#N,1
C1=CC(=CC(=C1)C#N)C#N,0.8
C1=CC(=CC=C1C#N)C#N,0.9
C1CCC(CC1)NC(=O)NC2CCCCC2,3
CCCCCCCCCCCCNCCCCCCCCCCCC,11
CCC1=C(C(=CC=C1)CC)N(CC(=O)OCC)C(=O)CCl,3.6
CCOC(=O)C(C(=O)OCC)NC(=O)C,0.3
CCN(CC)CC(=O)NC1=C(C=CC=C1C)C,2.3
CCN(CC)CCOC(=O)C=C,1.2
CCN(CC)CCOC(=O)C1=CC=C(C=C1)N,1.9
CCN(C1=CC=CC=C1)C(=O)N(CC)C2=CC=CC=C2,3.6
CCC1(COC(=O)NC1=O)CC,1.1
CCOC(=O)C1=C(NC(=C(C1C)C(=O)OCC)C)C,2.2
CCOC(=O)C1=C(NC(=C1C)C(=O)OCC)C,2.2
CCOC(=O)NNC(=O)OCC,0.6
CCN(CC)C(=O)C1=CC(=C(C=C1)O)OC,2.1
CCC1(C(=O)C(CNC1=O)C)CC,0.8
CCN(CC)C1=CC=C(C=C1)[N+](=O)[O-],3
CCC(CC)(CC=C)C(=O)N,1.8
CCN(CC)C(C1=CC=CC=C1)C2=CC=CC=C2,4.2
CCC1(C(=O)CCNC1=O)CC,0.8
CCN(CC)C(=O)C1=CN=CC=C1,0.3
CCC1(C(=O)C=CNC1=O)CC,1
CCN(CC)C(=O)N,-0.2
C1=CC(=C(C(=C1)F)C(=O)NC(=O)NC2=CC=C(C=C2)Cl)F,3.9
C1=C(C(=CC(=C1[N+](=O)[O-])F)F)[N+](=O)[O-],1.8
COC1=C(C=C2C(=C1)CCNC2=O)OC,1.2
C1C2=CC=CC=C2NC1=O,1.2
C1CC2=CC=C(C3=CC=CC1=C23)[N+](=O)[O-],3.9
C1C(OC(=N1)N)C2=CC=CC=C2,0.8
C1=CC(=O)NNC1=O,-0.8
C1CNC(=O)NC1=O,-1.1
C1CC(=O)NC2=CC=CC=C21,1.1
C1=CC=C2C(=C1)NC(=O)C(=O)N2,0.2
C1CSC(=N1)N,-0.2
C1=CC=C(C(=C1)C(=O)NO)O,0.9
C1=CC=C2C(=C1)C(=C3C4=C(C(=O)C(=O)C3=C2O)N=CC=C4)O,3
C1=CC2=C(C(=C1)O)NC(=CC2=O)C(=O)O,0.9
C1=CC(=C(C=C1I)I)N,2.5
C1=C(C=C(C(=C1I)O)I)[N+](=O)[O-],2.1
C1=CC2=C(C(=C(C=C2I)I)O)N=C1,3.1
C1=C(C=C(C(=C1I)O)I)CC(C(=O)O)N,-0.5
CC(C)N(C(C)C)SC1=NC2=CC=CC=C2S1,4.5
CC1=C(OC2=C(C1=O)C=CC(=C2CN(C)C)OC)C3=CC=CC=C3,3.6
CC1(CC(=CC(=O)C1)OC(=O)N(C)C)C,1.2
CCCCC1=C(N=C(NC1=O)N(C)C)C,1.5
CCCCC1=CC2=CC=CC=C2C(=N1)OCCN(C)C,4.2
COC1=C(C=C(C=C1)N)OC,1.4
COC1=C(C=CC(=C1)C2=CC(=C(C=C2)N)OC)N,2.2
COC(CN)OC,-0.8
COC1=CC=CC2=C1N=C3C(=C2OC)C=CO3,2.9
COC1=C(C=C(C=C1)[N+](=O)[O-])OC,2.1
COC1=CC(=C(C=C1)OC)[N+](=O)[O-],1.8
CC(=O)C1=CC=C(C=C1)N(C)C,2.1
CN(C)C1=CC=CC=C1C(=O)O,1.7
CN(C)C1=CC=CC(=C1)C(=O)O,1.6
CN(C)C1=CC=C(C=C1)C(=O)O,1.8
CN(C)C1=CC=C(C=C1)C(=N)C2=CC=C(C=C2)N(C)C,4
CCC(=O)C(CC(C)N(C)C)(C1=CC=CC=C1)C2=CC=CC=C2,3.9
CN(C)CCOC(=O)C=C,0.5
CN(C)CCC1=CNC2=C1C=C(C=C2)O,1.2
CN(C)CCC1=CC=C(C=C1)O,2.1
CN(C)C1=CC=C(C=C1)O,2.1
CN(C)C1=CC=C(C=C1)C(=O)C2=CC=CC=C2,3.5
CN(C)C1=CC=C(C=C1)C=CC=O,2.3
CN(C)C1=NC=NC2=C1NC=N2,0.7
CC1=CC(=C(C=C1C)N)N,1.3
CC1=CC2=C(C=C1C)N=CN2,2.4
CC1=CC2=C(C=C1C)N=C3C(=N2)C(=O)NC(=O)N3,1.1
CC1=CC(=NC=C1)C2=NC=CC(=C2)C,2.2
CC(C)CC(C)NC1=CC=C(C=C1)NC2=CC=CC=C2,5.6
CN(C)CC(=O)O,-2.9
CC1(C(=O)NC(=O)N1)C,-0.3
CN(C)CCC1=CNC2=CC=CC=C21,2.5
CN(C)CC1=CNC2=CC=CC=C21,1.8
CN(C)C1=CC=CC=C1[N+](=O)[O-],1.9
CN(C)C1=CC=C(C=C1)[N+](=O)[O-],2.3
CN(C)C1=CC=C(C=C1)C=CC2=CC=C(C=C2)[N+](=O)[O-],4.5
CC1(C(=O)NC(=O)O1)C,0.1
CC1=NC2=C(C=C1)C=CC3=C2N=C(C=C3)C,3.3
CC1=CC(=C(C=C1)NC(=O)C)C,1.5
CN(C)C(=O)NC1=CC=CC=C1,1
CN(C)C1=CC=NC=C1,1.3
CC1=CC(=NC(=N1)N)C,0.7
CC1=CC(=NC(=N1)C)N,0.4
CC1=NC2=CC=CC=C2N=C1C,2
CCCCCCCCCCCCCCCCCCN(C)C,9.1
CN(C)C(=O)NC1=CC=CC(=C1)C(F)(F)F,2.4
CN(C)C(=O)N,-0.8
C1=CC=C2C=C(C=CC2=C1)NC3=CC=C(C=C3)NC4=CC5=CC=CC=C5C=C4,7.5
C1=CC=C2C(=C1)C=CC=C2NC(=O)NC3=CC=CC4=CC=CC=C43,5
CCN(CC)C1=C(C=C(C(=C1[N+](=O)[O-])N)C(F)(F)F)[N+](=O)[O-],3.2
C1=CC(=C(C(=C1)[N+](=O)[O-])[N+](=O)[O-])N,1.8
C1=CC(=C(C=C1[N+](=O)[O-])[N+](=O)[O-])N,1
C1=CC(=C(C=C1[N+](=O)[O-])N)[N+](=O)[O-],1
C1=CC(=C(C(=C1)[N+](=O)[O-])N)[N+](=O)[O-],1.8
C1=C(C=C(C=C1[N+](=O)[O-])[N+](=O)[O-])N,1.9
C1=CC2=C(C(=C1)[N+](=O)[O-])C(=O)C3=C(C2=O)C(=CC=C3)[N+](=O)[O-],2.5
C1=CC2=C(C(=C1)[N+](=O)[O-])C(=O)C3=C(C2=O)C=CC=C3[N+](=O)[O-],2.5
C1=C(C=C(C=C1[N+](=O)[O-])[N+](=O)[O-])C(=O)N,0.8
C1=CC(=C(C(=C1[N+](=O)[O-])O)[N+](=O)[O-])O,2.1
C1=CC(=C(C=C1[N+](=O)[O-])[N+](=O)[O-])SCl,2.4
C1=CC(=C(C=C1[N+](=O)[O-])[N+](=O)[O-])C(=O)O,1.3
C1=CC(=C(C=C1C(=O)O)[N+](=O)[O-])[N+](=O)[O-],1.1
C1=C(C=C(C=C1[N+](=O)[O-])[N+](=O)[O-])C(=O)O,1.5
C1=C(C=C(C=C1[N+](=O)[O-])[N+](=O)[O-])C(=O)Cl,2.5
C1=CC(=CC=C1C2=CC=C(C=C2)[N+](=O)[O-])[N+](=O)[O-],3.6
C(CC[N+](=O)[O-])C[N+](=O)[O-],0.5
C1=CC(=CC=C1NC2=CC=C(C=C2)[N+](=O)[O-])[N+](=O)[O-],3.6
C1=CC(=CC=C1[N+](=O)[O-])OC2=CC=C(C=C2)[N+](=O)[O-],3.7
C1=CC(=CC=C1[N+](=O)[O-])SC2=CC=C(C=C2)[N+](=O)[O-],3.5
C(C[N+](=O)[O-])[N+](=O)[O-],-0.2
C1=CC=C2C(=C1)C=C(C=C2[N+](=O)[O-])[N+](=O)[O-],2.8
C1=CC2=C(C(=C1)[N+](=O)[O-])C(=CC=C2)[N+](=O)[O-],2.5
C1=CC=C2C(=C1)C(=CC(=C2O)[N+](=O)[O-])[N+](=O)[O-],3.7
C1=CC(=C(C(=C1)O)[N+](=O)[O-])[N+](=O)[O-],1.9
C1=CC(=C(C=C1[N+](=O)[O-])[N+](=O)[O-])O,1.7
C1=CC(=C(C=C1[N+](=O)[O-])O)[N+](=O)[O-],1.8
C1=CC(=C(C(=C1)[N+](=O)[O-])O)[N+](=O)[O-],1.4
C1=CC(=C(C=C1O)[N+](=O)[O-])[N+](=O)[O-],1.2
CC(=O)OC1=C(C=C(C=C1)[N+](=O)[O-])[N+](=O)[O-],1.4
C1=CC(=CC=C1NC2=C(C=C(C=C2)[N+](=O)[O-])[N+](=O)[O-])O,3.4
C1=CC=C(C=C1)NC2=C(C=C(C=C2)[N+](=O)[O-])[N+](=O)[O-],3.5
C1=CC(=C(C=C1[N+](=O)[O-])[N+](=O)[O-])NN,1.5
C(C[N+](=O)[O-])C[N+](=O)[O-],0.2
C(C(CO)([N+](=O)[O-])[N+](=O)[O-])O,-1.4
C1=CC2=C(C=CC3=C2C4=C1C=CC(=C4C=C3)[N+](=O)[O-])[N+](=O)[O-],4.7
C1=CC2=C3C(=C(C=C2)[N+](=O)[O-])C=CC4=C(C=CC1=C43)[N+](=O)[O-],4.7
CCC(C)C1=C(C(=CC(=C1)[N+](=O)[O-])[N+](=O)[O-])O,3.6
CCCCCCCCCCCCCCCCCCNCCCCCCCCCCCCCCCCCC,17.5
CC(=O)N(C)N(C1=CC=CC=C1)C(=O)C(=O)N(C)C,0.9
CN(C)C(=O)C(C1=CC=CC=C1)C2=CC=CC=C2,3
CC(=O)N(C1=CC=CC=C1)C2=CC=CC=C2,2.7
C1=CC=C(C=C1)NC2=CC=C(C=C2)NC3=CC=CC=C3,5
C1=CC=C(C=C1)NC2=CC=C(C=C2)C3=CC=C(C=C3)NC4=CC=CC=C4,6.6
C1=CC=C(C=C1)N(C2=CC=CC=C2)C(=O)Cl,3.8
C1=CC=C(C=C1)NNC(=O)NNC2=CC=CC=C2,3.1
C1=CC=C(C=C1)NCCNC2=CC=CC=C2,3.6
C1=CC=C(C=C1)N(C2=CC=CC=C2)N,2.8
C1=CC=C(C=C1)NNC2=CC=CC=C2,2.9
C1NC(=O)C(N1)(C2=CC=CC=C2)C3=CC=CC=C3,2.2
C1CCNC(C1)C(C2=CC=CC=C2)(C3=CC=CC=C3)O,3
C1=CC=C(C=C1)C2=CC(=NN2)C3=CC=CC=C3,3.5
C1=CC=C(C=C1)N(C2=CC=CC=C2)C(=O)N,1.5
C1=CC=C(C=C1)NC(=O)NC2=CC=CC=C2,3
CCSC1=NC(=NC(=N1)NC(C)C)NC(C)C,3.9
CCCC1(C(=O)NC(=O)O1)CCC,1.9
C1=CNC(=C1)CC2=CC=CN2,1.5
C1=CC(=C2C(=C1N)C(=O)C3=C(C=CC(=C3C2=O)N)N)N,1.2
C1=CC=C2C(=C1)C(=O)C3=C(C2=O)SC(=C(S3)C#N)C#N,2.8
CC(C)(C(C(=O)O)N)SSC(C)(C)C(C(=O)O)N,-5
CC(C)CC1=C(C(=NC(=C1C(=O)SC)C(F)(F)F)C(F)F)C(=O)SC,4.8
CN(C)C(=O)NC1=CC(=C(C=C1)Cl)Cl,2.7
CCCCCCCCC=CCCCCCCCCCCCC(=O)N,8.8
CCCCCCCCCCCC(=O)N,3.5
CCCCCCCCCCCCN.CC(=O)O,3.956900000000002
CCCCCCCCCCCCC1=CC=C(C=C1)N,7.2
CN(C)CCC=C1C2=CC=CC=C2CSC3=CC=CC=C31,4.5
CC1C(C(CC(O1)OC2CC(CC3=C2C(=C4C(=C3O)C(=O)C5=C(C4=O)C(=CC=C5)OC)O)(C(=O)CO)O)N)O,1.3
CCC(C)(CC)OC(=O)N,1.5
CNCC(C1=CC(=C(C=C1)O)O)O,-1.4
CCC1C(C(C(C(=O)C(CC(C(C(C(C(C(=O)O1)C)OC2CC(C(C(O2)C)O)(C)OC)C)OC3C(C(CC(O3)C)N(C)C)O)(C)O)C)C)O)(C)O,2.7
CCC1C(C(C(C(=O)C(CC(C(C(C(C(C(=O)O1)C)OC2CC(C(C(O2)C)O)(C)OC)C)OC3C(C(CC(O3)C)N(C)C)OC(=O)CCC(=O)OCC)(C)O)C)C)O)(C)O,3.4
CCCCCCCCCCCCCCCCCC(=O)O.CCC1C(C(C(C(=O)C(CC(C(C(C(C(C(=O)O1)C)OC2CC(C(C(O2)C)O)(C)OC)C)OC3C(C(CC(O3)C)N(C)C)O)(C)O)C)C)O)(C)O,8.118100000000009
CC1C2C(CCC1=CC(=O)OCCNC)C3(CCCC(C3CC2O)(C)C(=O)OC)C,3.3
CCN(CC(=C)C)C1=C(C=C(C=C1[N+](=O)[O-])C(F)(F)F)[N+](=O)[O-],5.1
CCC(CO)NCCNC(CC)CO,-0.1
C(CSC#N)SC#N,1.6
CC(=N)N,-0.8
CCOC1=C(C=C(C=C1)CC2=NC=CC3=CC(=C(C=C32)OCC)OCC)OCC,5.4
CCCCC1=C(N=C(NC1=O)NCC)C,1.7
CCOC1=CC2=C(C3=C(C=C(C=C3)N)N=C2C=C1)N,2.5
CCOC1=CC=CC=C1C(=O)N,1.2
CCOC=C(C#N)C#N,0.5
CCOC1=C(C=C(C=C1)[N+](=O)[O-])N,1.8
CCOC1=C(C=C(C=C1)NC(=O)C)[N+](=O)[O-],0.9
CCOC1=CC=C(C=C1)NC(=O)C,1.6
CCOC1=CC=C(C=C1)NC(=O)C(C)O,1.3
CCOC1=CC=C(C=C1)NC(=O)N,1
CCOC(=O)NC(=O)N,0.1
CCNC(=O)C1=CC=CC=C1,1.4
CCC(C1=CC=CC=C1)C(=O)N,1.7
CCC1=NC2=CC=CC=C2N1,2.1
CCC(CC)CN,1.3
CCOC(=O)C(=C(C1=CC=CC=C1)C2=CC=CC=C2)C#N,4.4
CCOC(=O)C(=CC1=CC=CC=C1)C#N,2.4
CCC1(C(=O)NCNC1=O)C2=CC=CC=C2,0.9
CCOC(=O)C1=CC=C(C=C1)N(C)C,2.9
CCOC(=O)C1=C(C=C(N1)C)C,2
CCOC(=O)C1=CNC(=C1C)C,1.7
CCCCCCCCCCCCCCCCCC(=O)NCCNC(=O)CCCCCCCCCCCCCCCCC,15.7
CCC1=CC=CC=C1NC2=CC=CC=C2CC,5.1
CCOC(=O)CCC(C(=O)O)N,-3
CCOC(=O)NN,-0.4
CCOC(=O)NCC(C)C,1.6
CCCC(C)C1(C(=O)NC(=O)NC1=O)CC,2.1
CCC1(CC(=O)NC(=O)C1)C,0.7
CCC1(CC(=O)NC1=O)C,0.4
CCC(CO)(CO)[N+](=O)[O-],-0.6
CCOC(=O)NC1=CC=CC=C1,2.3
CCC1=NN=C(S1)N,0.9
CCNC(=O)N,-0.7
C#CC(C1=CC=CC=C1)OC(=O)N,1.6
C#CC1(CCCCC1)OC(=O)N,1.3
CCC1=C(C2=CC3=C(C(=C(N3)C=C4C(=C(C(=N4)C=C5C(=C(C(=N5)C=C1N2)C)CC)C)CC)C)CC)C,6.8
C1=CC=C(C(=C1)C2=NN=CO2)O,1.1
C1=CC=C(C(=C1)C(C2=CC=C(C=C2)Cl)(C3=CN=CN=C3)O)Cl,3.6
CCOC(=O)NCCOC1=CC=C(C=C1)OC2=CC=CC=C2,4.3
CC1(C(C1(C)C)C(=O)OC(C#N)C2=CC(=CC=C2)OC3=CC=CC=C3)C,5.7
CC12CCC3C(C1CCC2C(=O)NC(C)(C)C)CCC4C3(C=CC(=O)N4)C,3
CCCCOC(=O)C(C)OC1=CC=C(C=C1)OC2=NC=C(C=C2)C(F)(F)F,4.5
CCCN(CCCl)C1=C(C=C(C=C1[N+](=O)[O-])C(F)(F)F)[N+](=O)[O-],5
C1C2=CC=CC=C2C3=C1C=C(C=C3)N,3.1
C1C2=C(C=CC(=C2)N)C3=C1C=C(C=C3)N,2.6
C(C(=O)N)F,-1
C1=CC(=CC=C1[N+](=O)[O-])OC2=C(C=C(C=C2)C(F)(F)F)[N+](=O)[O-],3.7
CC1=C(C=CC(=C1)F)N,1.4
CC1=CC(=C(C=C1)[N+](=O)[O-])F,2.2
C1=CC=C(C(=C1)[N+](=O)[O-])F,1.7
C(C(=O)O)OC1=NC(=C(C(=C1Cl)N)Cl)F,1.8
C1=COC(=C1)C(=CC2=CC=C(O2)[N+](=O)[O-])C(=O)N,0.1
COC1=C(C=C(C=C1)CCC2=NC3=CC=CC=C3C(=C2)OC)OC,4.6
CC(C)(C#N)OC1C(C(C(C(O1)CO)O)O)O,-1.8
C(CC(=O)N)C(C(=O)O)N,-3.1
C(CC(=O)NC(CS)C(=O)NCC(=O)O)C(C(=O)O)N,-4.5
C(CC(=O)NC(CSSCC(C(=O)NCC(=O)O)NC(=O)CCC(C(=O)O)N)C(=O)NCC(=O)O)C(C(=O)O)N,-9.1
CCC1(CCC(=O)NC1=O)C2=CC=CC=C2,1.9
CC(CCC(=O)NCC(=O)O)C1CCC2C1(C(CC3C2C(CC4C3(CCC(C4)O)C)O)O)C,2.9
C1C(C(C(OC1(C(=O)O)O)C(C(CO)O)O)NC(=O)CO)O,-4.1
C(C(C(=O)O)NC(=O)CN)C(=O)N,-4.9
C(C(=O)NCC(=O)O)N,-2.9
C(=N)(N)N,-1.3
CC1=NCCC2=C1NC3=C2C=CC(=C3)OC,2.1
CC1=NC=CC2=C1NC3=CC=CC=C23,3.6
CC1=NC=CC2=C1NC3=C2C=CC(=C3)OC,3.6
CNC1=C(C=C(C=C1)N(CCO)CCO)[N+](=O)[O-],1
C1=CC(=C(C=C1N(CCO)CCO)[N+](=O)[O-])NCCO,0.4
CC1=C(C2=CC3=NC(=CC4=NC(=CC5=C(C(=C(N5)C=C1N2)C(C)O)C)C(=C4CCC(=O)O)C)C(=C3C)CCC(=O)O)C(C)O,2.1
C(CCC#N)CCC#N,0.1
CCCCCCCCCCCCCCCC(=O)N,5.7
C(CCCNC(=O)O)CCN,-2.2
C(N(CO)C1=NC(=NC(=N1)N(CO)CO)N(CO)CO)O,-2.2
C(CCC(=O)N)CC(=O)N,-1.2
C(CCC(=O)NN)CC(=O)NN,-2.1
C(C=CCC#N)C#N,0.2
C1=C(NC=N1)CCN,-0.7
C(CS)C(C(=O)O)N,-3.4
C(CSSCCC(C(=O)O)N)C(C(=O)O)N,-5.6
C1=CC=C2C(=C1)C=NN=C2NN,0.7
C(=O)(N)NN,-1.8
C(=O)(N)NNC(=O)N,-2.1
C(C#N)O,-0.7
C1=CC=C(C(=C1)C(=O)N)O,1.3
C1=CC=C(C=C1)C(C#N)O,1
C1=CC=C(C(=C1)C(=O)NN)O,0.6
C1=CC=C(C(=C1)C#N)O,1.6
C1=CC(=CC(=C1)O)C#N,1.7
C1=CC(=CC=C1C#N)O,1.6
C(CC(=O)N)CO,-1.3
C1CCC(CC1)(C#N)O,0.9
C1=C(C=C(C(=C1I)O)I)C#N,2
C1=C(C=C(C(=C1C(=O)O)O)[N+](=O)[O-])[N+](=O)[O-],1.3
CCCCCCCCCCCC(=O)NCCO,4
CNO,-0.7
CNCC(C1=CC=C(C=C1)O)O,-0.6
CC1=CC=C(C=C1)NO,1.7
C(C(CO)(CO)[N+](=O)[O-])O,-2.2
C=CC(=O)NCO,-0.5
CC1=NC=C(C(=C1O)CO)CO,-0.8
C(NC(=O)N)O,-1.7
C1=CC(=C(C(=C1)[N+](=O)[O-])O)C(=O)O,1.4
C1=CC(=C(C=C1[N+](=O)[O-])C(=O)O)O,2.3
CC(=O)NC1=CC=CC=C1O,0.7
CC(=O)NC1=CC(=CC=C1)O,0.7
CC(=O)NC1=CC=C(C=C1)O,0.5
C1=CC=C(C=C1)NC(=O)C2=CC=CC=C2O,3.3
C1=CC=C(C=C1)C(=O)N(C2=CC=CC=C2)O,1.9
CCCC(=O)NC1=CC=C(C=C1)O,1.7
C1=CC=C(C=C1)CN(CC2=CC=CC=C2)O,2.8
CCCCCCCCCCCCCCCCCC(=O)NC1=CC=C(C=C1)O,9.4
C1C(CNC1C(=O)O)O,-3.3
C1=CC=C2C(=C1)C(=O)C=C(N2)C(=O)O,1.3
C1=CC=C2C(=C1)C(=CC(=O)N2)O,0.7
C(=O)(N)NO,-1.8
C=C1CC1CC(C(=O)O)N,-2.5
CC(C)C1(C(=O)NC(=N1)C2=C(C=CC=N2)C(=O)O)C,1.2
CC(C)C1(C(=O)NC(=N1)C2=NC3=CC=CC=C3C=C2C(=O)O)C,2.5
CCC1=CC(=C(N=C1)C2=NC(C(=O)N2)(C)C(C)C)C(=O)O,2
C1C(=O)NC(=O)N1,-1.7
C1(=O)C(=O)NC(=O)N1,-0.9
C1CNC(=O)N1,-1.3
C(CNCCC#N)C#N,-0.8
C(C(=O)O)NCC(=O)O,-3.3
C(C#N)NCC#N,-0.6
C1=CC=C2C(=C1)C(=O)NN2,1.2
C1=CC2=C(C=CN2)C=C1N,0.7
C1=CC=C2C(=C1)C(=CN2)CC(=O)O,1.4
C1=CC=C2C(=C1)C(=CN2)CC#N,1.6
C1=CC=C2C(=C1)C(=CN2)CCCC(=O)O,2.3
C1=CC=C2C(=C1)C(=O)C(=O)N2,0.8
C1=CC=C2C(=C1)C(=CN2)CCO,1.8
C1=CC=C2C(=C1)C(=CN2)CC(C(=O)O)O,1.5
C1=CC=C2C(=C1)C(=CN2)CCC(=O)O,1.8
CC(=O)OC1=CNC2=CC=CC=C21,2
CC(=O)C1=CNC2=CC=CC=C21,2.1
CC(=O)CC1=CNC2=CC=CC=C21,1.6
CC(CN(C1=C(C=C(C(=C1I)N)I)I)C(=O)C)C(=O)O,2.6
C(C(=O)N)I,-0.2
C1=CC=C(C(=C1)N)I,2.3
C1=CC(=CC(=C1)I)N,1.7
C1=CC(=CC=C1N)I,2.3
C1=CC(=CC=C1C#N)I,3
CCC(CC1=C(C(=C(C=C1I)I)N)I)C(=O)O,3.9
CC(C)NC1=NC=CC=N1,1.3
CC(C)COC(=O)C1=CC=C(C=C1)N,2.8
C1=NC2=NC(=O)NC(=C2N1)N,-1.7
C1=CC=C2C(=C1)C(=O)NC2=O,1.1
C1=CN=CC=C1C(=O)NN,-0.7
CC(C)OC1=CC=C(C=C1)NC2=CC=CC=C2,3.9
CC(C)NC1CCC(CC1)(C2=CC=CC=C2)C3=CC=CC=C3,5.3
CC1=CC(=O)NC(=N1)C(C)C,0.7
CC(C)NC1=CC=C(C=C1)NC2=CC=CC=C2,4
CC(C)OC(=O)NC1=CC=CC=C1,2.6
CC(C)NC(=O)C=C,0.9
CC(C)NCC(C1=CC(=C(C=C1)O)O)O,-0.6
C1=CC=C2C(=C1)C=CN=C2N,1.9
C1=CC=C2C=NC(=CC2=C1)N,1.8
C1=CC(=CC2=C1C=CN=C2)O,1.9
CCC(C)(C(=O)O)N,-2.3
CCC(C)(CC)C1=NOC(=C1)NC(=O)C2=C(C=CC=C2OC)OC,3.9
CC(COC1=CC=CC=C1)NC(C)C(C2=CC=C(C=C2)O)O,2.8
CNC1(CCCCC1=O)C2=CC=CC=C2Cl,2.2
CC(CCC1=CC=CC=C1)NCC(C2=CC(=C(C=C2)O)C(=O)N)O,3.1
CCOC(=O)C(C)OC(=O)C1=C(C=CC(=C1)OC2=C(C=C(C=C2)C(F)(F)F)Cl)[N+](=O)[O-],4.1
CC(C)CC(C(=O)O)N,-1.5
C1=CC(=C(C=C1CC(C(=O)O)N)O)O,-2.7
CN(C(=O)NC1=CC(=C(C=C1)Cl)Cl)OC,3.2
C1CSSC1CCCCC(=O)N,1
CC1CC2CC3=C(C=CC=N3)C4(C1)C2CCCN4,2.6
C(CCN)CC(C(=O)O)N,-3
C1=CC=C(C=C1)C(C#N)OC2C(C(C(C(O2)CO)O)O)O,-0.7
COC(=O)NC1=NC2=C(N1)C=C(C=C2)C(=O)C3=CC=CC=C3,2.8
C1CCNC(C1)C(C2=CC(=NC3=C2C=CC=C3C(F)(F)F)C(F)(F)F)O,3.6
CCCCCC=CCC=CCCCCCCCC(=O)NC(C)C1=CC=CC=C1,8.2
C1=CC=C2C(=C1)N=C(S2)SSC3=NC4=CC=CC=C4S3,5.6
C1=CC=C2C=C(C=CC2=C1)NC(=O)CS,2.7
CC(C)(C(C(=O)O)N)S,-1.8
CC1=C(C(=CC=C1)C)N(C(C)C(=O)OC)C(=O)COC,1.6
CC1=CC(=CC(=C1)OCC2CNC(=O)O2)C,2.2
C(=N)N,-0.8
CC(=O)O.C(=N)N,-0.35693000000000014
CC1=CC(=CC(=C1SC)C)OC(=O)NC,2.9
COC1=CC=CC=C1OCC(COC(=O)N)O,0.6
CC(C)NC1=NC(=NC(=N1)NCCCOC)SC,2.8
COC1=CC(=C(C=C1)N)N,0.6
COC1=C(C=C(C=C1)N)N,0.5
COC1=CC2=C(C=C1)N=C(S2)N,2.4
COC1=C(C=C(C=C1)[N+](=O)[O-])[N+](=O)[O-],2
COC1=CC(=CC(=C1)[N+](=O)[O-])[N+](=O)[O-],1.6
COC1=C2C=COC2=NC3=CC=CC=C31,2.7
COC1=CC2=C(C=C1)NC=C2CCN,0.5
CC(=O)NCCC1=CNC2=C1C=C(C=C2)OC,0.8
COC1=CC=C(C=C1)NC2=CC=C(C=C2)OC,3.6
COC1=C(C=CC(=C1)[N+](=O)[O-])N,1.5
COC1=C(C=C(C=C1)[N+](=O)[O-])N,1.5
COC1=CC(=C(C=C1)N)[N+](=O)[O-],1.9
COC1=CC=CC=C1OCC2CNC(=O)O2,1.4
CC(=O)NC1=CC(=CC=C1)OC,1.3
CC(=O)NC1=CC=C(C=C1)OC,1.1
CC(=O)CC(=O)NC1=CC=C(C=C1)OC,1.5
COC1=CC=C(C=C1)NC2=CC=C(C=C2)N,2.5
COC1=NC=C(C=C1)N,1
COC1=C(C=C(C=C1[N+](=O)[O-])[N+](=O)[O-])[N+](=O)[O-],0.7
CNC1=CC=CC2=C1C(=O)C3=CC=CC=C3C2=O,3.9
COC(=O)C1=CC=C(C=C1)N,1.4
CNC1=CC=CC=C1C(=O)O,2
CNC1=CC=CC(=C1)C(=O)O,2.2
CNC1=CC=C(C=C1)C(=O)O,2.2
CNCCC1=CC(=C(C=C1)O)O,-0.5
COC(=O)C1=CC(=C(C=C1)O)N,1
CC(CC1=CC=C(C=C1)O)NC,1.7
CC1=CC=CC=C1C(=O)N,0.8
CC1=CC=C(C=C1)C(=O)N,1.2
CC1=C(C=CC=C1N)N,0.9
CC1=NC2=CC=CC=C2N1,2.2
CC1=CC2=C(C=C1)N=C(S2)N,2.4
CC1=CC=C(C=C1)N(C2=CC=C(C=C2)C)C3=CC=C(C=C3)C,6.3
COC(=O)C1=C(C=CC(=C1)Cl)[N+](=O)[O-],2.5
COC#N,0.4
COC(=O)NC1=CC(=C(C=C1)Cl)Cl,3.5
CC1=C(C=C(C=C1[N+](=O)[O-])[N+](=O)[O-])C(=O)N,0.7
CC1=C(C(=CC=C1)[N+](=O)[O-])[N+](=O)[O-],1.9
CC1=C(C=C(C=C1)[N+](=O)[O-])[N+](=O)[O-],2
CC1=C(C=CC(=C1)[N+](=O)[O-])[N+](=O)[O-],2.7
CC1=CC(=C(C=C1)[N+](=O)[O-])[N+](=O)[O-],2.1
CC1=CC(=CC(=C1O)[N+](=O)[O-])[N+](=O)[O-],2.1
CC1=CC(=C(C(=C1)[N+](=O)[O-])O)[N+](=O)[O-],1.7
CCCCCCCCN(C)CCCCCCCC,7.1
CC(C)(C1=CN=CC=C1)C(=O)C2=CN=CC=C2,2
C1=CC=C(C(=C1)CC2=CC=C(C=C2)N)N,2.2
C(SC#N)SC#N,1.7
CC(C(C1=CC=CC=C1)O)N(C)C,1.7
COC(=O)NN,-0.8
CN(CC(=O)O)CC(=O)O,-3.3
CC1=CC(=NO1)N,0.1
CC1=C(C=CC(=C1)[N+](=O)[O-])N,1.1
CC1=C(C=C(C=C1)[N+](=O)[O-])N,1.9
CC1=C(C(=CC=C1)[N+](=O)[O-])N,2
CC1=CC(=C(C=C1)N)[N+](=O)[O-],2
CC1=C(C=C(C=C1)N)[N+](=O)[O-],1.7
CNC1=CC=CC=C1[N+](=O)[O-],2.2
CNC1=CC=C(C=C1)[N+](=O)[O-],2
CC1=C(C2=C(C=C1)C(=O)C3=CC=CC=C3C2=O)[N+](=O)[O-],3.1
COC(=O)C1=CC(=CC=C1)[N+](=O)[O-],1.9
COC(=O)C1=CC=C(C=C1)[N+](=O)[O-],1.9
CC1=NC=C(N1)[N+](=O)[O-],0.3
CC1=C(C2=CC=CC=C2C=C1)[N+](=O)[O-],3.4
CC1=C(C=CC(=C1)O)[N+](=O)[O-],2.5
CC1=CC(=C(C=C1)O)[N+](=O)[O-],2.4
CC(CO)(CO)[N+](=O)[O-],-1.1
CC(C)(CO)[N+](=O)[O-],-0.1
CCCCCCCCCCCC(=O)N(C)CC(=O)O,4.5
CC1=CC=C(C=C1)NC(=O)C2=CC=CC=C2,3
CC(=CC1=CC=CC=C1)CC(=O)N,2
CC1=CC=CC=C1NC(=O)CC(=O)C,1.3
CC1=CC=C(C=C1)NC(=O)CC(=O)C,2.1
CC1(C(=O)NC(=O)NC1=O)C2=CC=CC=C2,1.1
CC(=C)C(=O)N,0.1
CCCC(C)(COC(=O)N)COC(=O)N,0.7
CC1=NC=CN=C1N,-0.2
CC1=NNC(=O)C1,-0.5
CC1=CC(=NC=C1)N,0.6
CNC1=CC=NC=C1,0.8
CC1=NC=C(C=C1)C(=O)C,0.9
CC1=NC(=NC=C1)N,0.3
CC1=CC2=C(C(=C1)N)N=CC=C2,2.2
CN(C1=C(C=C(C=C1[N+](=O)[O-])[N+](=O)[O-])[N+](=O)[O-])[N+](=O)[O-],1.7
CC1=CSC(=N1)N,1
CSC1=NC2=CC=CC=C2S1,3.1
CC1=NNC(=O)NC1=O,-0.3
CNC(CC1=CC=C(C=C1)O)C(=O)O,-1.9
CNC(=O)N,-1.4
CN(C(=O)NC1=CC=C(C=C1)Br)OC,2.4
CC(C)NCC(COC1=CC=C(C=C1)CCOC)O.CC(C)NCC(COC1=CC=C(C=C1)CCOC)O.C(C(C(=O)O)O)(C(=O)O)O,1.1038000000000041
CC1=CC(=CC(=C1N(C)C)C)OC(=O)NC,2.5
CC#CC1(CCC2C1(CC(C3=C4CCC(=O)C=C4CCC23)C5=CC=C(C=C5)N(C)C)C)O,3.8
CN(C(=O)NC1=CC=C(C=C1)Cl)OC,2.3
CC1CCC(NC1)C(C)C2C(CC3C2(CCC4C3CC=C5C4(CCC(C5)O)C)C)OC(=O)C,5.7
CC(C)(C)NCC(COC1=CC=CC2=C1CC(C(C2)O)O)O,0.7
C1=CC=C2C(=C1)C=CC=C2CC#N,2.9
C1=CC2=C(C=CC=C2N)C(=C1)N,2.1
C1=CC2=C(C(=C1)N)C(=CC=C2)N,2.1
C1=CC=C2C=C(C(=CC2=C1)N)N,1.9
CC(=O)NC1=CC=CC2=CC=CC=C21,1.6
C1=CC=C2C(=C1)C=CC=C2NC(=O)C3=CC=CC=C3C(=O)O,3.5
C1=CC=C2C(=C1)C=CC=C2NO,2.4
C1=CC2=C(C=CC=N2)N=C1,1.3
C1=CC2=C(C=CN=C2)N=C1,1.1
CCN(CC)C(=O)C(C)OC1=CC=CC2=CC=CC=C21,3.4
CN(C)CCC1=CC2=C(C(=C1CC(=O)C3=C(C(=C(C=C3)OC)OC)C(=O)O)OC)OCO2,0.5
CC(C)(C)CC1(C(=O)NC(=O)NC1=O)CC=C,2.1
C1=CC=C(C=C1)CNC(=O)CCNNC(=O)C2=CC=NC=C2,0.9
C1=CC(=C(C=C1[N+](=O)[O-])Cl)NC(=O)C2=C(C=CC(=C2)Cl)O,4
CC(C)(C(=O)OCC1=CN=CC=C1)OC2=CC=C(C=C2)Cl,3.5
C1=CC(=NC(=C1)Cl)C(Cl)(Cl)Cl,3.4
C(C#N)N(CC#N)CC#N,-0.4
CC(=O)C[N+](=O)[O-],-0.1
C1=CC=C2C(=C1)C=C3C=CC=CC3=C2[N+](=O)[O-],4.8
C1=CC=C2C(=C1)C(=O)C3=C(C2=O)C(=CC=C3)[N+](=O)[O-],3.2
C1=CC(=CC=C1C(=O)N)[N+](=O)[O-],0.8
C1=CC=C(C(=C1)CC(=O)O)[N+](=O)[O-],1.6
C1=CC(=CC(=C1)[N+](=O)[O-])CC(=O)O,1.5
C1=CC(=CC=C1CC(=O)O)[N+](=O)[O-],1.4
C1=CC=C(C(=C1)CC#N)[N+](=O)[O-],1.8
C1=CC(=CC=C1CC#N)[N+](=O)[O-],1.4
C1=CC(=C(C=C1[N+](=O)[O-])N)N,0.9
C1=CC(=C(C=C1N)N)[N+](=O)[O-],0.5
C1=C(C=C(C=C1N)[N+](=O)[O-])N,1.4
C1=CC(=C(C=C1N)[N+](=O)[O-])N,0.5
C1=CC(=C(C(=C1)[N+](=O)[O-])C(=O)O)C(=O)O,0.7
C1=CC(=C(C=C1[N+](=O)[O-])C(=O)O)C(=O)O,0.9
C1=CC(=CC=C1CCO)[N+](=O)[O-],1.1
C1=CC(=CC(=C1)[N+](=O)[O-])CO,1.2
C1=CC(=CC=C1CO)[N+](=O)[O-],1.3
C1=CC=C(C(=C1)[N+](=O)[O-])SCl,2.6
C1=CC(=CC=C1[N+](=O)[O-])SCl,2.8
C1=CC2=C(C=C1[N+](=O)[O-])NC=N2,1.6
C1=CC=C(C(=C1)C(=O)O)[N+](=O)[O-],1.5
C1=CC(=CC(=C1)[N+](=O)[O-])C(=O)O,1.8
C1=CC(=CC(=C1)[N+](=O)[O-])C(=O)NN,0.2
C1=CC(=CC=C1C(=O)NN)[N+](=O)[O-],0.3
C1=CC(=CC(=C1)[N+](=O)[O-])C#N,1.2
C1=CC(=CC=C1C#N)[N+](=O)[O-],1.2
C1=CC=C(C(=C1)C(=O)Cl)[N+](=O)[O-],2.4
C1=CC(=CC=C1C(=O)Cl)[N+](=O)[O-],2.9
C1=CC=C(C=C1)C2=CC(=CC=C2)[N+](=O)[O-],3.9
CC(C(C1=CC=C(C=C1)Cl)C2=CC=C(C=C2)Cl)[N+](=O)[O-],5.2
CCC(CO)[N+](=O)[O-],0.3
C1=CC(=CC=C1[N+](=O)[O-])OC2=C(C=C(C=C2)Cl)Cl,4.3
C1C2=CC=CC=C2C3=C1C=C(C=C3)[N+](=O)[O-],3.7
C1=CC=C2C(=C1)C3=C(C2=O)C=C(C=C3)[N+](=O)[O-],3.5
CC(=O)OC(C1=CC=C(O1)[N+](=O)[O-])OC(=O)C,1.1
C1=COC(=C1)[N+](=O)[O-],0.7
C1=C(OC(=C1)[N+](=O)[O-])C(=O)O,1
C(=N)(N)N[N+](=O)[O-],-0.8
C1=CC2=C(C=C1[N+](=O)[O-])C=NN2,2
C1=CC2=C(C=C1[N+](=O)[O-])C(=O)NC2=O,1
CN[N+](=O)[O-],0.5
C1=CC=C2C(=C1)C=CC=C2[N+](=O)[O-],3.2
C1=CC=C2C(=C1)C=CC(=C2[N+](=O)[O-])O,3.2
C1=CC2=CC(=C3C=CC=NC3=C2N=C1)[N+](=O)[O-],2.3
C1=CC(=CC(=C1)O)[N+](=O)[O-],2
C1=CC(=CC=C1[N+](=O)[O-])O,1.9
CC(=O)NC1=CC=CC=C1[N+](=O)[O-],1
CC(=O)NC1=CC(=CC=C1)[N+](=O)[O-],1.5
CC(=O)NC1=CC=C(C=C1)[N+](=O)[O-],1.7
CC(=O)OC1=CC=CC=C1[N+](=O)[O-],1.6
CC(=O)OC1=CC=C(C=C1)[N+](=O)[O-],1.5
C1=CC=C(C=C1)NC2=CC=CC=C2[N+](=O)[O-],3.7
C1=CC=C(C=C1)NC2=CC=C(C=C2)[N+](=O)[O-],3.7
CC(=O)C1=CC=CC=C1[N+](=O)[O-],1.3
CC(=O)C1=CC=C(C=C1)[N+](=O)[O-],1.5
C1=CC=C(C=C1)C(=O)C[N+](=O)[O-],1.6
C1=CC=C(C=C1)C(=O)C2=CC=C(C=C2)[N+](=O)[O-],3.3
C1=CC=C(C=C1)C(=O)C=CC2=CC=C(C=C2)[N+](=O)[O-],2.9
C1=CC=C(C(=C1)CCC(=O)O)[N+](=O)[O-],1.5
C1=CC(=CC=C1CCC(=O)O)[N+](=O)[O-],1.3
C1=CC(=CC=C1C=CC=O)[N+](=O)[O-],1.5
C1=CC=C(C=C1)SC2=CC=C(C=C2)[N+](=O)[O-],4.4
C1=CC(=CC=C1NC(=O)N)[N+](=O)[O-],1.1
C(C[N+](=O)[O-])C(=O)O,-0.5
CCCOC1=C(C=C(C=C1)[N+](=O)[O-])N,2.4
CCCOC1=C(C=C(C=C1)[N+](=O)[O-])NC(=O)C,1.8
C1=CC2=C3C(=C1)C=CC4=C(C=CC(=C43)C=C2)[N+](=O)[O-],5
C1=CC(=NC=C1[N+](=O)[O-])N,0.9
C1=CN=CC=C1[N+](=O)[O-],0.3
C1=C(C=NC(=N1)N)[N+](=O)[O-],-0.3
C1(C(=O)NC(=O)NC1=O)[N+](=O)[O-],-1.1
C1=CC2=C(C=CC=N2)C(=C1)[N+](=O)[O-],1.9
C1=CC2=C(C=CC(=C2)[N+](=O)[O-])N=C1,1.8
C1=CC2=C(C(=C1)[N+](=O)[O-])N=CC=C2,1.4
C1=CC2=C(C=CC(=C2N=C1)O)[N+](=O)[O-],2.1
CC(=O)NC1=NC=C(S1)[N+](=O)[O-],1.3
CSC1=CC=C(C=C1)[N+](=O)[O-],2.4
C(=O)(N)N[N+](=O)[O-],-0.9
CNC(=C[N+](=O)[O-])NCCSCC1=CSC(=N1)CN(C)C,1.6
C1=CC=C(C=C1)C(=C2C3C=C(C2C4C3C(=O)NC4=O)C(C5=CC=CC=C5)(C6=CC=CC=N6)O)C7=CC=CC=N7,3.1
C1C(=O)NC2=C(C=C(C=C2)Cl)C(=N1)C3=CC=CC=C3,2.9
CN(C)C(=O)NC1CC2CC1C3C2CCC3,2.3
C1CC2CC(CC1N2)OC(=O)C(CO)C3=CC=CC=C3,1.4
C1CNC2CC3=C4C15C2C=CC(C5OC4=C(C=C3)O)O,0.3
CCCC(C(=O)O)N,-2.1
CC1=C(C=CC2=C1OC(=O)C(=C2O)NC(=O)C3=CC(=C(C=C3)O)CC=C(C)C)OC4C(C(C(C(O4)(C)C)OC)OC(=O)N)O,3.3
C1=CC=C(C(=C1)C(C2=CC=C(C=C2)F)(C3=CN=CN=C3)O)Cl,2.2
CC(CCC1=CC=CC=C1)NC(C)C(C2=CC=C(C=C2)O)O,3.5
CC1CC2=C(C=C(C(=C2C(=O)O1)O)C(=O)NC(CC3=CC=CC=C3)C(=O)O)Cl,4.7
CC1CC2=C(C(=C(C=C2)C(=O)NC(CC3=CC=CC=C3)C(=O)O)O)C(=O)O1,4.1
CCN(CC)C(C)CC(=O)NC1=CC=CC=C1,2.2
CCCCCCCCCCCCCCCCCC(=O)N,6.8
CCCCCCCCC=CCCCCCCCC(=O)N,6.6
CCCCCCCCC=CCCCCCCCC#N,7.1
CCCCCCCCC=CCCCCCCCCN,7.6
C1CCCNCCC1,1.5
C(CCCC#N)CCC#N,0.6
C(CC(C(=O)O)N)CN,-4.4
C1=C(NC(=O)NC1=O)C(=O)O,-1.4
C(=O)(C(=O)NN)NN,-1.1
C(=O)(C(=O)O)N,-0.9
C(=O)(C(=O)N)N,-1.6
CC(C)NCC1CCC2=CC(=C(C=C2N1)[N+](=O)[O-])CO,2.2
C1=CC=C(C=C1)C2=NC(C(=O)NC3=C2C=C(C=C3)Cl)O,2.2
C1=CC=C(C=C1)C(=O)CC#N,1
C1=CC=C2C(=C1)C(=CN2)CC(=O)C(=O)O,1.3
C1=CC=C(C=C1)NC(=O)CCC(=O)O,0.6
CCN(CC)CC#CCOC(=O)C(C1CCCCC1)(C2=CC=CC=C2)O,4.2
CCOC1=C(C=CC(=C1)OC2=C(C=C(C=C2)C(F)(F)F)Cl)[N+](=O)[O-],4.7
CC1=CC(=C(C(=C1CC2=NCCN2)C)O)C(C)(C)C,2.9
C(NC(=O)NCO)O,-1.8
CC1(C2C(C3C(C(=O)C(=C(C3(C(=O)C2=C(C4=C1C=CC=C4O)O)O)O)C(=O)N)N(C)C)O)O,-1.6
COC1=C(C=C(C=C1)C(=O)C2=NC=CC3=CC(=C(C=C32)OC)OC)OC,3.7
COC1=C(C=C(C=C1)CC2=NC=CC3=CC(=C(C=C32)OC)OC)OC,3.9
CCC(CC)NC1=C(C=C(C(=C1[N+](=O)[O-])C)C)[N+](=O)[O-],5.2
CC(C)(C(C(=O)O)N)SSCC(C(=O)O)N,-5.7
C1(=C(C(=C(C(=C1Cl)Cl)Cl)Cl)Cl)N,5.1
C1(=C(C(=C(C(=C1Cl)Cl)Cl)Cl)Cl)[N+](=O)[O-],4.2
C(CN(CC(=O)O)CC(=O)O)N(CCN(CC(=O)O)CC(=O)O)CC(=O)O,-8.5
CCC(C)(C)OC(=O)N,0.9
C1=CC2=C3C(=C1)NC=NC3=CC=C2,2.1
C1=CC=C2C(=C1)C=C(C3=CC=CC=C23)N,3.7
C1=CC2=C(C=CC3=C2C=CC=N3)N=C1,2.1
C1=CC=C2C(=C1)N=C3C=CC=CC3=N2,2.8
C1=CC=C2C(=C1)N=C3C=C(C(=CC3=N2)N)N,1.3
C1=CC=C2C(=C1)N=C3C=CC=C(C3=N2)O,2.3
CCN(CC)CCSC(=O)N(C1=CC=CC=C1)C2=CC=CC=C2,4.6
CC1=CC(=CC=C1)NC(=O)OC2=CC=CC(=C2)NC(=O)OC,3.6
CCC1(C(=O)NC(=O)NC1=O)C2=CC=CC=C2,1.5
C1=CC=C2C(=C1)NC3=CC=CC=C3O2,3.9
C1=CC=C(C=C1)OC2=CC=C(C=C2)N,2.9
CC(COC1=CC=CC=C1)N(CCCl)CC2=CC=CC=C2,4.4
CC1=CC=C(C=C1)N(CC2=NCCN2)C3=CC(=CC=C3)O,2.6
C1=CC=C(C=C1)CC(=O)NCC(=O)O,0.7
C1=CC=C(C=C1)CC(=O)NC(=O)N,0.9
C1=CC=C(C=C1)CC(C(=O)N)N,0.1
CCOC(=O)C(CC1=CC=CC=C1)N,1.5
C1=CC=C(C=C1)NC2=CC=CC=C2C(=O)O,4.4
C1=CC=C(C=C1)OC(=O)C2=C(C=C(C=C2)N)O,3.2
C1=CC=C(C=C1)C(=O)NC2=CC=CC=C2,2.6
C1=CC=C(C=C1)C(C#N)C2=CC=CC=C2,3.2
C1=CC=C(C=C1)C2=NC3=CC=CC=C3N2,3.2
C1=CC=C(C=C1)CN(CC2=CC=CC=C2)C3=CC=CC=C3,5.7
CCCC(=O)NC1=CC=CC=C1,2
C1=CC=C(C=C1)N(CCO)CCO,0.4
C1=CC=C(C=C1)NCC(=O)O,0.6
C1=CC=C(C=C1)NNC(=O)N,0.1
C1=CC=C(C=C1)NC(=O)NN,0.4
C1=CC=C(C=C1)NO,0.8
C1=CC=C(C=C1)C2C(=O)NC(=O)N2,0.5
C1=CC=C(C=C1)C2=CC3=CC=CC=C3N2,3.8
C1C(=NOC1=O)C2=CC=CC=C2,1.8
C1=CC=C(C=C1)COC(=O)NC(CC(=O)O)C(=O)O,0.6
C1=CC=C(C=C1)CNC2=NC=NC3=C2NC=N3,2.1
C1=CC=C(C=C1)NC2=CC=CC3=CC=CC=C32,4.4
C1=CC=C(C=C1)C2=NC3=C(N=C(N=C3N=C2N)N)N,1
C1=CC=C(C=C1)C2=NC3=CC=CC=C3C(=C2)C(=O)O,3.4
C1=CC=C(C=C1)C2=NC(=NC(=N2)N)N,1.4
C1=CC=C(C=C1)NC2=NC=NC(=N2)N,1.5
C1=CC=C(C=C1)C2(C(=O)NC(=O)N2)C3=CC=CC=C3,2.5
CC(C)NCC(COC1=CC=CC2=C1C=CN2)O,1.8
C1CNCCC1C(=O)N,-1.4
C1CCNC(C1)C(=O)O,-2.3
C1CNCCC1C(=O)O,-3
C1CCNC(C1)CO,0
C1CC(CNC1)CO,-0.1
CC1=C(N=C(N=C1OC(=O)N(C)C)N(C)C)C,1.7
C1=CC2=CC3=CC=C(N3)C=C4C=CC(=N4)C=C5C=CC(=N5)C=C1N2,3.9
CCCNC(C)C(=O)NC1=CC=CC=C1C,2.1
CCN(CC)CCNC(=O)C1=CC=C(C=C1)N,0.9
CCCN(CCC)C1=C(C=C(C(=C1[N+](=O)[O-])N)C(F)(F)F)[N+](=O)[O-],4.2
CCCN(CC1CC1)C2=C(C=C(C=C2[N+](=O)[O-])C(F)(F)F)[N+](=O)[O-],5.2
CC1=CC(=CC(=C1)OC(=O)NC)C(C)C,3.1
CC(C)NC1=NC(=NC(=N1)OC)NC(C)C,3
CC(C)NC1=NC(=NC(=N1)SC)NC(C)C,3.5
CC(C)N(C1=CC=CC=C1)C(=O)CCl,2.2
C(C(=O)N)C(=O)N,-1.8
CCC(=O)NC1=CC(=C(C=C1)Cl)Cl,3.1
CC(C)NC1=NC(=NC(=N1)Cl)NC(C)C,2.9
CC(C)OC1=CC=CC=C1OC(=O)NC,1.5
CCC(=O)OC(CC1=CC=CC=C1)(C2=CC=CC=C2)C(C)CN(C)C,4.2
CC(C)NCC(COC1=CC=CC2=CC=CC=C21)O,3
CCCOC(=O)C1=CC=C(C=C1)N,2.4
CCCNC(=O)N,0.1
CC(C)(C#C)NC(=O)C1=CC(=CC(=C1)Cl)Cl,3.2
C1=CN=C2C(=N1)C=NC=N2,-0.6
C1=CN=C2C(=N1)C(=O)NC(=O)N2,-1
C1=C2C(=NC=N1)N=CN2,-0.4
C1=NC2=NC(=NC(=C2N1)N)N,-0.9
C1=CN=C(C=N1)C(=O)N,-0.6
C1=CN=C(C=N1)C(=O)O,0.1
C1=CC2=C3C(=C1)C=CC4=C(C=CC(=C43)C=C2)N,4.3
CCCCCCCCSC(=O)OC1=CC(=NN=C1C2=CC=CC=C2)Cl,6.6
C1=CC=NC(=C1)N,0.5
C1=CC=NC(=C1)C(=O)N,0.2
C1=CC(=CN=C1)C(=O)N,-0.4
C1=CN=CC=C1C(=O)N,-0.3
C1=CC=NC(=C1)C(=O)O,0.8
C1=CC(=CN=C1)C(=O)O,0.4
C1=CN=CC=C1C(=O)O,0.4
C1=CC(=C(N=C1)N)N,-0.2
C1=CC(=NC=C1N)N,-0.2
C1=CN=CC(=C1N)N,-0.5
C1=CC(=C(N=C1)C(=O)O)C(=O)O,0.2
C1=CN=C(C=C1C(=O)O)C(=O)O,0.2
C1=CC(=NC=C1C(=O)O)C(=O)O,0.2
C1=CC(=NC(=C1)C(=O)O)C(=O)O,0.6
C1=CN=CC(=C1C(=O)O)C(=O)O,-0.1
C1=C(C=NC=C1C(=O)O)C(=O)O,-0.1
C1=CC=NC(=C1)CCO,0.1
C1=CN=CC=C1CO,0.1
C1=CC(=CN=C1)O,0.5
C1=CC=NC(=C1)NN,0.3
C1=CC=C(C=C1)C(CNC2=CC=CC=N2)O,2
CC1=NC=C(C(=C1O)CN)CO,-1
C1=CN=CN=C1N,-0.2
C1CC(=O)NC1C(=O)O,-0.8
C1=CNC(=C1)C(=O)O,0.8
C1=CNC=C1C(=O)O,0.2
C1=CC(=O)NC1=O,-0.3
CCN(CC)CCCC(C)NC1=C2C=C(C=CC2=NC3=C1C=CC(=C3)Cl)OC,6
C1=CC(=C(C2=NC=C(C=C21)Cl)C(=O)O)Cl,3
C1=CC=C2C(=C1)C=CC(=N2)N,1.9
C1=CC=C2C(=C1)C=C(C=N2)N,1.6
C1=CC=C2C(=C1)C(=CC=N2)N,1.6
C1=CC2=C(C=CC(=C2)N)N=C1,1.3
C1=CC2=C(C(=C1)N)N=CC=C2,1.8
C1=CC=C2C(=C1)C=CC(=N2)C(=O)O,1.6
C1=CC2=C(C(=C1)C(=O)O)N=CC=C2,1.3
C1=CC=C2C(=C1)C=CC(=O)N2,1.3
C1=CC=C2C(=C1)C=C(C=N2)O,2.1
C1=CC=C2C(=C1)C(=O)C=CN2,0.6
C1=CC2=C(C=CC=N2)C(=C1)O,2.3
C1=CC2=C(C=C(C=C2)O)N=C1,2
CCOC(=O)C(C)OC1=CC=C(C=C1)OC2=CN=C3C=C(C=CC3=N2)Cl,4.3
CNC(=C[N+](=O)[O-])NCCSCC1=CC=C(O1)CN(C)C,0.3
CC1C2=CC(=C(C=C2CCN1)O)OC,1.3
CC1CCCCC1NC(=O)NC2=CC=CC=C2,3.3
CCNC1=NC(=NC(=N1)Cl)NCC,2.2
CC1CCC2(C(C3C(O2)CC4C3(CCC5C4CCC6C5(CCC(C6)O)C)C)C)NC1,6.2
CC1CCC2(C(C3C(O2)CC4C3(CCC5C4CC=C6C5(CCC(C6)O)C)C)C)NC1,5.4
CC12CCC3C(C1CCC2(C)O)CCC4C3(CC5=C(C4)NN=C5)C,4.5
CCC(C)C1(C(=O)NC(=O)NC1=O)CC=C,1.4
CCC(=C(C1=CC=CC=C1)C2=CC=C(C=C2)OCCN(C)C)C3=CC=CC=C3,7.1
CC1=C2C(C(=O)C3(CC(=CC(C(C2(C)C)CC1OC(=O)C)OC(=O)C)C(CC3O)OC(=O)C(C(C4=CC=CC=C4)N(C)C)O)C)O,1.6
CC1=C2C(C(=O)C3(C(CC4C(C3C(C(C2(C)C)(CC1OC(=O)C(C(C5=CC=CC=C5)NC(=O)C6=CC=CC=C6)O)O)OC(=O)C7=CC=CC=C7)(CO4)OC(=O)C)O)C)OC(=O)C,2.5
CC(C)(C)C1=NN=C(S1)N(C)C(=O)NC,1.6
CCNC1=NC(=NC(=N1)Cl)NC(C)(C)C,3.1
CCNC1=NC(=NC(=N1)SC)NC(C)(C)C,3.7
CCOC1=NC(=NS1)C(Cl)(Cl)Cl,2.5
C1=C(C(=C(C(=C1Cl)Cl)Cl)Cl)[N+](=O)[O-],4.9
C1(=C(N=C(N=C1Cl)Cl)Cl)Cl,3.7
C1=CC(=C(C=C1NC(=O)C2=C(C(=CC(=C2)Cl)Cl)O)Cl)Cl,5.9
CCCCCCCCCCCCCC(=O)N,4.6
CCCCCCCCCCCCCC#N,5.8
CCN(CC)C(=O)C1=CC=CC=C1C(=O)N(CC)CC,2.3
C12C(NC(=O)N1)NC(=O)N2,-1.6
C1C=CCC2C1C(=O)NC2=O,0.2
C1(=C(NC(=C1I)I)I)I,3.4
CC1=CC(=CC(=C1N)C)C2=CC(=C(C(=C2)C)N)C,3.6
CN(C)C1=CC=C(C=C1)C2=CC=C(C=C2)N(C)C,4.6
CN(C)C1=CC=C(C=C1)C(=O)C2=CC=C(C=C2)N(C)C,3.9
CC(C)(C#N)C(C)(C)C#N,1.5
C1(=NNN=N1)N,-0.9
C1=NNN=N1,-0.5
C1=CSC(=N1)N,0.4
C1C(NCS1)C(=O)O,-2.3
C1C(=O)NC(=O)S1,0.1
CCN(CC)C(=O)SCC1=CC=C(C=C1)Cl,3.4
CC1=CNC(=O)NC1=O,-0.6
C1=C(C=C(C(=C1I)OC2=CC(=C(C(=C2)I)O)I)I)CC(C(=O)O)N,2.4
CC1=C(C=CC(=C1)C2=CC(=C(C=C2)N)C)N,2.3
CC1CCC2(C(C3C(O2)CC4C3(CCC5C4CCC6C5(CCC(C6)OC7C(C(C(C(O7)CO)OC8C(C(C(C(O8)CO)O)OC9C(C(C(CO9)O)O)O)OC2C(C(C(C(O2)CO)O)O)O)O)O)C)C)C)NC1,-0.7
C1C(C1N)C2=CC=CC=C2,1.5
CC(=O)N(C(=O)C)C(=O)C,-0.7
CC(C)N(C(C)C)C(=O)SCC(=C(Cl)Cl)Cl,4.4
C1=NNC(=O)NC1=O,-0.6
C1(=NC(=NC(=N1)N)N)N,-1.4
C1=NNC(=N1)N,-0.4
C1(=NC(=NN1)N)N,-0.7
C([N+](=O)[O-])(Br)(Br)Br,2.5
C1=CC(=CC=C1NC(=O)NC2=CC(=C(C=C2)Cl)Cl)Cl,5.3
C(#N)C(C(Cl)(Cl)Cl)O,1.2
C1=C(C(=C(C(=C1Cl)Cl)[N+](=O)[O-])O)Cl,4.5
C(CCl)N(CCCl)CCCl,2
C1=C(C(=NC(=C1Cl)Cl)OCC(=O)O)Cl,3
C1C2CC3CC1CC(C2)(C3)N,2.4
CCCCCCCCCCCCN(CCCCCCCCCCCC)CCCCCCCCCCCC,17
C1=CC=C(C(=C1)C(F)(F)F)N,2.4
C1=CC(=CC=C1C(F)(F)F)N,2.4
C1=CC(=CC=C1C#N)C(F)(F)F,2.9
C1=CC=C(C(=C1)C(=O)O)NC2=CC=CC(=C2)C(F)(F)F,5.2
CCCN(CCC)C1=C(C=C(C=C1[N+](=O)[O-])C(F)(F)F)[N+](=O)[O-],5.3
CC(CN(CC(C)O)CC(C)O)O,-0.5
CCN(CC)CC(=O)NC1=C(C=C(C=C1C)C)C,2.6
COC1=CC(=CC(=C1OC)OC)CC2=CN=C(N=C2N)N,0.9
COC1=CC(=CC(=C1OC)OC)N,0.8
COC1=CC(=CC(=C1OC)OC)CCN,0.7
COC1=C(C2=C(C=C1)C(=C3C=COC3=N2)OC)OC,2.8
C(#N)C([N+](=O)[O-])([N+](=O)[O-])[N+](=O)[O-],0
C1=C(C=C(C(=C1[N+](=O)[O-])N)[N+](=O)[O-])[N+](=O)[O-],0.6
C1=C(C(=C(C(=C1[N+](=O)[O-])O)[N+](=O)[O-])O)[N+](=O)[O-],1.1
C1=C(C=C(C(=C1[N+](=O)[O-])C(=O)O)[N+](=O)[O-])[N+](=O)[O-],0.2
C1=CC2=C(C=C1[N+](=O)[O-])C(=O)C3=C2C(=CC(=C3)[N+](=O)[O-])[N+](=O)[O-],2.4
C([N+](=O)[O-])([N+](=O)[O-])[N+](=O)[O-],0.2
C1=C(C=C(C(=C1[N+](=O)[O-])O)[N+](=O)[O-])[N+](=O)[O-],0.9
C1=C(C=C(C(=C1[N+](=O)[O-])NC2=C(C=C(C=C2[N+](=O)[O-])[N+](=O)[O-])[N+](=O)[O-])[N+](=O)[O-])[N+](=O)[O-],3
C1=CC=C(C=C1)C2=C(N=C(N2)C3=CC=CC=C3)C4=CC=CC=C4,5
C1=CC=C(C=C1)C2=NC(=NC(=N2)C3=CC=CC=C3)C4=CC=CC=C4,5
C1=CC(=CC=C1C(C2=CC=C(C=C2)N)(C3=CC=C(C=C3)N)O)N,2.2
CN(C)C1=CC=C(C=C1)C(C2=CC=C(C=C2)N(C)C)C3=CC=C(C=C3)N(C)C,5.7
C(NC1=NC(=NC(=N1)NCO)NCO)O,-0.8
C(C(CO)(CO)N)O,-2.9
C1=CC=NC(=C1)C2=NC(=NC(=N2)C3=CC=CC=N3)C4=CC=CC=N4,2.1
C1=CC=C2C(=C1)C(=CN2)CCN,1.6
COC1=C(C2=C3C(CC4=C2C=C(C=C4)O)NCCC3=C1)OC,2.6
CCCCNC(=O)OCC(C)(CCC)COC(=O)N,2.4
C1=CC(=CC=C1CC(C(=O)N)N)O,-0.6
CCOC(=O)C(CC1=CC=C(C=C1)O)N,0.6
C1=CNC(=O)NC1=O,-1.1
C(=O)(N)N,-1.4
C1=C(NC=N1)C=CC(=O)O,0
CC(C)C(C(=O)O)N,-2.3
CC1C(=O)NC(C(=O)OC(C(=O)NC(C(=O)OC(C(=O)NC(C(=O)OC(C(=O)NC(C(=O)OC(C(=O)NC(C(=O)OC(C(=O)NC(C(=O)O1)C(C)C)C(C)C)C(C)C)C)C(C)C)C(C)C)C(C)C)C)C(C)C)C(C)C)C(C)C,9.1
CC1CC(C(NC1)C(C)C2=C(C3=C(C=C2)C4CC=C5CC(CCC5(C4C3)C)O)C)O,4.3
C=CC1=CC=C(C=C1)N,1.8
C=CC1=CC(=CC=C1)[N+](=O)[O-],2.3
C=CC1=CC=C(C=C1)[N+](=O)[O-],2.8
COC1=CC2=C(C=CN=C2C=C1)C(=O)CCC3CCNCC3C=C,3
CC1=CC(=CC(=C1)OC(=O)NC)C,2.2
OCCN(CCO)CCO,-1
Nc1ccc(cc1)[N+]([O-])=O,1.4
NCCCCCCCC(O)=O,-2.6
NCc1ccccc1,1.1
ONc1ccccc1,0.8
CN(C)c1ccc(N(C)C)cc1[N+](=O)[O-],2
CCC(C)C(SC)=O,2.1
CCC(C)C(=O)N(C)c(ccc1)cc1C,3
C[C@@H](N)CCl,0.3
CNCC(N)C,-0.7
C[C@@H](N)C=O,-0.8
CO[C@H](CN)C(F)(F)F,0.3
C[C@@](N)(CN)C(F)(F)F,-0.3
C[C@@H](N)CC(F)F,0.9
C[C@@H](N)CC(C)(C)F,1
CCC(C)C(=O)N(C)c1ccccc1,2.7
CNC(C)C(C)(C)C,2
CN(C)C(C)C(C)C,2
CC[C@@H](C)N(C)CC,2
CCC[C@@H](C)NC,1.5
C[C@](N)(F)C(F)F,0.8
CC[C@H](N)C(F)F,1.1
C[C@H](N)CF,0.1
NC[C@H](N)C(F)(F)F,-0.5
C[C@H](CN)CC(F)(F)F,1.5
CCCC(C)N(C)C,1.9
CCC[C@H](C)NC,1.5
C[C@H](N)[C@H](C)Cl,0.7
C[C@H](N)[C@H](C)F,0.5
CCC(C)CCN,1.5
CC(C)[C@@H](N)CC(F)(F)F,2.2
CC[C@H](N)C(C)C,1.6
C[C@H](N)C(=O)C(F)(F)F,0.6
CCOc1ccc(NC(N)=O)cc1,1
CN(C)CC=O,-0.2
NC/C=C/Cl,0.2
C/C=C/N,0.4
CNCC#N,-0.4
CCC[C@@H](N)C(F)(F)F,1.7
CC(C)C[C@@H](N)C(F)(F)F,2.2
CC(C)(C)[C@@H](N)C(F)(F)F,2.2
CN[C@H](C)C(F)(F)F,1.3
N[C@@H](CC(F)(F)F)C(F)(F)F,1.9
C/C=C(/N)O,0.3
NC\C=C/Cl,0.2
CNC=CN,-0.2
C\C=C/N,0.4
CN(C)c1ccc(cc1)C(=O)c2ccccc2,3.5
NCc1cc(Cl)cc(Cl)c1,2
NCc1cc(F)cc(F)c1,1
NCc1cccc(Cl)c1,1.7
NCc1cccc(F)c1,1.2
CN(C)Cc1cccc(F)c1,2.2
COc1cccc(CN)c1,0.9
NCc1cccc(c1)[N+]([O-])=O,1
CCC(=O)c1ccc(N)cc1,1.7
CC(O)CN(C)C,0
CNc1cccc2C(=O)c3ccccc3C(=O)c12,3.9
CCC(N)(F)C(F)(F)C(F)(F)F,2.3
NC(F)(C(F)(F)F)C(F)(F)F,1.8
NC(F)(C(F)(F)F)C(F)(F)C(F)(F)F,2.5
NC(F)(C(F)F)C(F)(F)F,1.6
CC(N)(F)C(F)(F)F,1.1
CNC(CC(F)(F)F)C(F)(F)F,2.4
CC(C)(N)C(F)(F)F,1
CCC(N)C(F)(F)F,1.4
FCN(C(F)(F)F)C(F)(F)F,3.1
FCN(C)C(F)(F)F,1.9
CNC(C(C)C)C(F)(F)F,2.3
CCC(C)C(NC)C(F)(F)F,2.7
CN(C)C(C(C)C)C(F)(F)F,2.8
CCC(NC)C(F)(F)F,1.9
CNC(F)(F)F,1
FC(F)(F)N(C)C(F)(F)F,2.7
CCCC(NC)C(F)(F)F,2.2
CC(N)C(F)(F)F,0.8
CN(C)C(F)(F)F,1.5
NC(F)(F)C(F)(F)C(F)(F)F,1.8
CC(C)(F)C(F)(F)C(N)(F)F,1.7
CCC(F)(F)C(N)(F)F,1.6
FC(F)C(F)(F)N(C(F)(F)F)C(F)(F)F,4.3
NC(F)(F)C(F)C(F)(F)F,1.6
CN(C)C(F)(F)C(F)C(F)(F)F,2.6
NC(F)(F)CF,0.4
CC(F)C(F)(F)N(C)C,1.8
CCCC(F)C(N)(F)F,1.7
NC(C(F)F)C(F)F,1.1
Nc1ccc(cc1)c2ccccc2,2.9
CCOC(OCC)N(C)C,1
CC(C)(C)C(N)(F)F,1.8
CC(N)(F)F,0.4
CN(C)C(F)(F)C(C)(C)C,2.8
CN(C)C(F)(F)N(C)C,1.2
FCN(CF)C(F)F,2.1
CCCC(F)(F)N(C)C,2.3
CNC(C)(F)F,0.9
CC(N)C(F)F,0.6
CCCC(C)(C)N,1.2
CC(N)N,-1.1
CC(O)CNCC(C)O,-0.8
Nc1cccc(N)c1N,-0.5
Nc1ccc(N)c(N)c1,0
Nc1ccccc1N,0.1
NC(=O)c1ccccc1C(N)=O,-1.7
CCC(N)CN,-0.7
NC1CCCCC1N,-0.3
NCCN,-2
FCC(F)N(C)C,1.1
CC(N)CN,-1.2
Nc1nc(N)nc(N)n1,-1.4
Nc1cccc(N)c1,-0.3
NCc1cccc(CN)c1,-0.3
NCC1CCCC(CN)C1,0.2
Nc1c(cc(c(N)c1[N+]([O-])=O)[N+]([O-])=O)[N+]([O-])=O,1.1
NC(CF)(CF)CF,0.2
CC(N)(CF)CF,0.2
CC(CF)C(N)F,0.9
NC(F)CCF,0.5
CN1CCN(C)C1=O,-0.5
CC(C)CC(C)N,1.4
NCCCN,-1.4
Nc1ccc(N)cc1,-0.3
NCCCCN,-0.9
Nc1ccc(N)c2C(=O)c3ccccc3C(=O)c12,2.6
FCCC(CF)CF,1.9
Nc1ccc(N)c2ccccc12,2
Nc1cccc2c(N)cccc12,2.1
NCCCCCN,-0.6
NCCCCCCN,-0.2
NCCCCCCCN,0.3
Nc1cccc2cccc(N)c12,2.1
NCCCCCCCCN,0.9
NCc1cccc(c1)C(F)(F)F,2
CCN(CC)c1ccc(cc1)C(C)=O,2.8
CN(C)c1ccc(cc1)C(C)=O,2.1
NC(=O)C12CC3CC(CC(C3)C1)C2,2
CC(O)CN,-1
Nc1ccc(O)c2C(=O)c3ccccc3C(=O)c12,3.4
Nc1cccc2C(=O)c3ccccc3C(=O)c12,3.2
NC1(CCCC1)C(O)=O,-2.6
NC1(CC1)C(O)=O,-2.8
NN1CCCCC1,-0.3
CCC(N)=C,1
CC(C)(N)CCl,0.5
CNC(C)CCl,0.8
CCOCN(C)C,0.6
NCC(N)F,-1.1
CC(C)C(N)F,1.1
CCC(N)CF,0.6
CC(N)(N)F,-0.9
FCN,-0.3
FCNCF,0.7
FCC(C)(C)NC,0.8
FCC(NC)C(C)C,1.5
CC(C)C(F)N(C)C,2.1
CN(C)C(F)N(C)C,0.9
FCN(CF)CF,1.6
CC(F)N(C)C,1.1
CNC(C)CF,0.6
CCC(N)F,0.7
Nc1[nH]c2ccccc2n1,0.9
Nc1ccc2[nH]ncc2c1,1.5
O=C1Nc2ccccc2C1=O,0.8
Nc1cccc2c1C(=O)NC2=O,0.6
Nc1[nH]c(N)c2ncnc2n1,-0.9
NC(=O)c1[nH]ccc1,0.2
Nn1cnnn1,-0.7
Nc1nccc2ccccc12,1.9
COC(N)C(C)C,0.6
COCC(C)(C)N,-0.2
COCC(C)N,-0.4
COCN,-0.8
COC(N)N,-1.5
COCN(C)C,0.2
CNC(C)OC,0.2
CNCOC,-0.3
Cn1c(N)nc2ccccc12,0.9
Cn1nnnc1N,-0.8
CC1(N)CCCC1,0.7
CC(N)=C,0.5
CNC(C)N(C)C,0.4
CNC(NC)CC,0.4
Nc1c2ccccc2ccc1,2.2
CNC(N)C,-0.6
CNC(N)CC,-0.1
OC(CNc1ccccc1)COc2ccccc2,3
CC(N)c1ccccc1,1.2
NCCN1CCNCC1,-1.3
NCCN1CCCC1,0.1
O=C1Nc2ccccc2C=C1,1.3
CC(C)c1ccccc1N,2.1
NCCOCCO,-1.5
NCCNCCO,-1.7
NCCc1ccccn1,0.1
Cc1ccccc1NCCO,1.5
CN(C)c1ccccc1C(O)=O,1.7
CN(C)CCOC(=O)C(C)=C,1.2
CCN(CCO)c1ccccc1,2.1
CNc1ccccc1C(O)=O,2
COC(=O)c1ccccc1NC,2.3
CN(C)c1ncccn1,1.1
NCCOC(F)(F)F,0.3
Nc1ccccc1C(F)(F)F,2.4
CN(C)C(=O)C(Cl)(Cl)Cl,1.6
COC(N)C(F)(F)F,0.4
NC(=O)C(F)(F)F,0.1
NCC(F)(F)F,0.2
FCNCC(F)(F)F,1.4
FC(F)(F)N(C(=O)C(F)(F)F)C(F)(F)F,3.3
CN(C)C(=O)C(F)(F)F,0.8
CNCC(F)(F)F,0.5
CN(C)CC(F)(F)C(F)(F)F,2
CNCC(F)(F)C(F)(F)F,1.6
NCC(F)(F)C(F)(F)F,1.1
NCC(F)(F)C(F)(F)C(F)(F)F,1.7
CNCC(F)(F)C(F)(F)C(F)(F)F,2.3
NC(N)(C(F)(F)F)C(F)(F)F,0.6
NC(=O)C(Br)(Br)C#N,0.6
NC(=O)C(Cl)Cl,0.2
CCOC(CO)OCC,0.1
NC1CCCC1(F)F,0.9
NCC(F)F,0.1
CN(C)CC(F)F,1.1
CN(C)CC(F)(F)C,1
CNCC(F)F,0.6
CNCC(C)(F)F,0.5
CC(F)(F)CN,0.3
CCC(C)(C)CN,1.4
CC(C)(C)C(=O)N(c1ccccc1)c1ccccc1,4.1
CC(C)(C)C(N)=O,0.5
CC(C)(C)C(N)N,0.2
Nc1ccccc1Cc2ccccc2N,2.5
CC(C)(N)N,-0.9
NCC(F)C(F)(F)F,0.8
CN(C)CC(F)C(F)(F)F,1.8
CC(C)(C)C(C)(C)N,1.6
Nc1c(F)c(F)c(F)c(F)c1F,1.7
Cc1c(C)c(C)c(N)c(C)c1C,3.1
Nc1cc(Cl)c(Cl)c(Cl)c1Cl,4
Nc1ccc(Cl)c(Cl)c1Cl,3.7
Nc1c(Cl)c(Cl)cc(Cl)c1Cl,4.5
Cc1cccc(N)c1N,0.9
Nc1cccc(Cl)c1Cl,2.9
CC(C)C(C)CN,1.4
CC(C)C(C)(C)N,1.2
Nc1cc2ccccc2cc1N,1.9
Cc1cccc(N)c1C,2.3
Cc1cc(C)c(N)cc1C,2.3
Nc1c(Br)cc(Br)cc1Br,3.3
Cc1cc(C)c(N)c(C)c1,2.3
Nc1c(c(N)c(c(N)c1[N+]([O-])=O)[N+]([O-])=O)[N+]([O-])=O,1
CC(C)(C)c1cc(c(N)c(c1)C(C)(C)C)C(C)(C)C,6.3
COc1ccc(N)cc1N,0.5
Nc1ccc(c(N)c1)C(O)=O,1.4
Nc1ccc(O)c(N)c1,0.5
Nc1ccc(Cl)cc1Cl,2.9
Nc1ccc(F)cc1F,1.5
Cc1ccc(N)c(C)c1,1.7
O=N(=O)c(ccc1Nc2ccccc2)cc1N(=O)=O,3.5
Nc1ccc(N)nc1,-0.2
Nc1cc(Cl)ccc1Cl,2.9
OC1CSC(O)CS1,0.3
COc1ccc(OC)c(N)c1,1.2
O=C1CNC(=O)CN1,-1.3
Cc1ccc(C)c(N)c1,1.8
Nc1c(Cl)cccc1Cl,2.8
NC(=O)c1c(Cl)cccc1Cl,0.8
CCc1cccc(CC)c1N,2.7
CC(C)c1cccc(C(C)C)c1N,3.2
CC(=O)Nc1c(C)cccc1C,1.1
Nc1c(cc(cc1[N+]([O-])=O)C(F)(F)F)[N+]([O-])=O,1.7
CC(CNc1ccc(cc1[N+]([O-])=O)C(F)(F)F)[N+]([O-])=O,2.6907000000000005
Nc1cncc(N)n1,-0.5
Nc1cccc(N)n1,0.2
Cc1cccc(C)c1N,1.8
FC(F)(F)N(CC=O)C(F)(F)F,2.2
OCCOCCN(CC)CC,0.2
NC(CC#N)=C(C#N)C#N,-0.1
Nc1ocnn1,-1.4
Cn1cnc2N=C(N)NC(=O)c12,-1.1
CCC(N)CO,-0.4
CC(N)CN(C)C,-0.2
NC1=CC=CC=CC1=O,0.2
CCC(N)(CO)CO,-1.3
NC(F)C=O,-0.7
CC(N)(CO)CO,-1.8
CC(C)(N)CO,-0.8
Nc1ncc(Br)cc1Br,1.9
Nc1c(O)cccc1[N+]([O-])=O,1.6
Cc1cc(C)nc(N)n1,0.7
Cc1cc(Cl)nc(N)n1,1.2
Nc1cc(Cl)ccc1O,1.8
Cc1cc(O)nc(N)n1,-0.9
Cc1ccc(O)c(N)c1,1.2
Nc1ccc(cc1N)[N+]([O-])=O,0.9
Nc1cc(ccc1O)[N+]([O-])=O,1.5
NC1=NC=CC(=O)N1,-1
Nc1oc(C)nn1,-0.9
OC(=O)c1cc(C)ccc1N,1.8
CC(C)CCCC(C)N,2.3
Nc1ccc2C(=O)c3ccccc3C(=O)c2c1,2.7
CC(=O)c1ccccc1N,1.6
Nc1ccc2nc3ccccc3cc2c1,2.6
Nc1ccc2cc3ccccc3cc2c1,3.5
NC(=O)c1ccccc1N,0.4
Nc1ccccc1CO,1.1
Nc1ccccc1S,1.4
Nc1ccccc1C(O)=O,1.2
COC(=O)c1ccccc1N,1.9
Nc1ccccc1C#N,1.4
Nc1sc2ccccc2n1,1.9
NCCS,-0.4
NC(O)(C(F)(F)F)C(F)(F)F,0.8
Nc1ccccc1C(=O)NO,0.1
CCCC(N)C(O)=O,-2.1
Nc1ccccc1O,0.6
CC(N)CO,-1
Nc1cnccn1,-0.1
Nc1ccccn1,0.5
Nc1ncccn1,-0.2
Nc1ccc2ccccc2n1,1.9
OCCNc1ccccc1,0.8
O=C1CCCCCCCN1,0.7
O=C1CCCCCCN1,0.2
O=C1Nc2ccccc2O1,1.2
Nc1ccccc1Br,2.1
NCCBr,0
NC(=O)C#CC(N)=O,-1.2
Cc(ccc1Cl)cc1N,2.5
NC(F)(F)C(F)Cl,1.2
FC(Cl)C(F)(F)N(C(F)(F)F)C(F)(F)F,4.6
FC(N(C(F)(F)F)C(F)(F)F)C(F)(F)Cl,4.6
NCC(F)Cl,0.4
NC(=O)C(Cl)=C,0.6
Cc1ccc(N)c(Cl)c1,1.9
NC(=O)c1ccc(cc1Cl)[N+]([O-])=O,1.4
NC(=O)CCl,-0.5
ClCC(=O)Nc1ccccc1,1.6
Nc1ccccc1Cl,1.9
NC(=O)c1ccccc1Cl,0.6
NCCCl,-0.1
ClCCNCCCl,1
CN(C)C(=O)CCl,0.3
CN(C)CCCl,0.3
ONC(=O)c1ccccc1Cl,0.4
CNCCCl,0.4
NC(=O)CC#N,-1
CCOc1ccccc1N,1.5
CCOc1ccccc1C(N)=O,1.2
CCOCCNC,0
CCC(C)(CC)CN,1.7
CCc1ccccc1N,1.7
CCCCC(CC)CNCC(CC)CCCC,6.1
NC1CCCC1F,0.6
CC(C)(F)CN,0.2
NC(=O)CF,-1
FCC(=O)Nc1ccccc1,1.5
NC(=O)c1ccccc1F,0.6
CCC(F)CN,0.6
NCCF,-0.4
FCCNCCF,0.5
CN(CCF)CCF,1
ONC(=O)c1ccccc1F,1
CNCCF,0.1
CCC(N)C(C)F,1
CC(F)CN,0.1
CC(C)(N)F,0.3
CCCCC(C)N,1.5
CN(C)C(=O)c1ccccc1O,0.4
CC(O)C(N)=O,-1.1
Nc1ccccc1I,2.3
CC(C)OCCN,-0.1
CNC(=O)C(C)(C(C)C)C(C)C,2.5
COc1ccccc1S,2.3
COC(C)CN,-0.4
COC(C)(C)CN,-0.2
COC(C)(C)N,-0.1
COc1ccc(C)cc1N,1.7
COCCNCCOC,-0.5
COc1ccccc1C(=O)N(C)C,0.7
CC(C)C(N)N,-0.2
Cc1c(N)cccc1N,0.9
Cc1cc(N)ccc1N,0.6
CC(=C)C(N)=O,0.1
CC(C)(N)C#C,0
Cc1c(N)cccc1Cl,3
CC1OCCC1S,1
Cc1cc(Cl)ccc1N,1.9
Cc1cccc(c1N)[N+]([O-])=O,2
CNc1cnccn1,0.6
CNc1ccccn1,1.1
CCCC(C)CN,1.5
Cc1ccccc1N,1.3
Cc1ccccc1CN,1.3
CCC(C)CN,1
CC(C)C(N)=O,0.2
Nc1ccc2ccccc2c1,2.3
NC(=O)c1ccccc1[N+]([O-])=O,-0.1
Nc1ccccc1[N+]([O-])=O,1.9
O=N(=O)c1ccccc1Nc1ccccc1,3.7
Cc1ccc(N)c(c1)[N+]([O-])=O,2
CNCC(N)N,-1.9
CNC(N)(C)C,-0.4
CCCC(C)N,1
CCC=CC(N)=O,0.4
NCCc1ccccc1,1.4
NC(=O)NNc1ccccc1,0.1
NCc1ccccn1,-0.2
NCC=C,0.1
NC(=O)C=C,-0.7
NCC#C,-0.4
Nc1ncc2nccnc2n1,-0.5
Nc1ccccn1=O,0
Nc1sccn1,0.4
NC(=O)c1sccc1,0.5
OC(=O)c1sccc1,1.6
Cc1ccccc1C(N)=O,0.8
NCCc1cccnc1,-0.1
CN(C)CCCn1c2ccccc2c2ccccc12,3.7
CCN(CC)c1cccc(O)c1,2.3
CN(C)CCC(=O)c1ccccc1,1.6
CN(C)C1=CC(=O)CC(C)(C)C1,1.6
CN(C)c1cccc(O)c1,1.6
CCNc1cccc(O)c1,1.9
CNC(C)=CC(=O)c1ccccc1,2.8
CNCCC#N,-0.5
CN(C)c1cccnc1,1.4
Nc1cccc(c1)C(F)(F)F,2.3
FC(F)(F)c1cc(ccc1)NC(C)=O,2.6
CN(C)CC(C(F)(F)F)C(F)(F)F,2.7
CN(C)CCC(F)(F)F,1.7
CNCC(C(F)(F)F)C(F)(F)F,2.3
NCCC(F)(F)F,0.8
CC(N)C(F)(F)C(F)(F)F,1.5
CC(C)(N)C(F)(F)C(F)(F)C(F)(F)F,2.4
CC(N)C(F)(F)C(F)(F)C(F)(F)F,2.2
Nc1ccc(cc1Cl)c2ccc(N)c(Cl)c2,3.5
CC(F)(F)CCN,0.7
CNCCC(F)F,1
CC(N)C(C)(C)C,1.4
CC(C)(C)CCN,1.4
N#CCCNCCC#N,-0.8
NCCCNCCCN,-1.4
Nc1ccc(cc1N)C(O)=O,0.2
Cc1ccc(N)c(N)c1,0.6
Nc1ccc(Cl)c(Cl)c1,2.7
Nc1ccncc1N,-0.5
Cc1ccc(N)cc1C,2.5
Nc1cc(N)cc(c1)C(O)=O,0.2
Cc1cc(N)cc(N)c1,0.9
Nc1cc(Br)cc(Br)c1,3.1
Nc1cc(Cl)cc(Cl)c1,2.9
Nc1cc(cc(c1)[N+]([O-])=O)[N+]([O-])=O,1.9
NC(=O)c1cc(cc(c1)[N+]([O-])=O)[N+]([O-])=O,0.8
Cc1cc(C)cc(N)c1,2
NCCNCCNCCNCCNCCN,-3.4
CN(C)c1ccc(N(C)C)c2C(=O)NC(=O)c12,1
Nc1ccc(N)c2C(=O)NC(=O)c12,0.5
CC(=O)Nc1cccc2C(=O)NC(=O)c12,0.4
NCCCO,-1.1
NC(CC(O)=O)c1ccccc1,-1.4
Cc1nnc(N)nc1C,-0.4
NC(=O)c1cccc(N)c1,-0.5
Nc1cccc(S)c1,0.5
Nc1cccc(c1)C(O)=O,0.1
CCOC(=O)c(ccc1)cc1N,1.8
Nc1cccc(c1)C#N,1.1
CC(N)CC(O)=O,-3.1
Nc1cccc(c1)[N+]([O-])=O,1.4
Cc1ccc(O)cc1N,0.5
Nc1cccc(O)c1,0.2
Nc1cccnc1,0.1
Nc1cccc(Br)c1,2.1
CNC(CCl)C(F)(F)F,1.6
NC(CCl)C(F)(F)F,1.1
Nc1ccc(F)c(Cl)c1,2.1
COc1ccc(N)cc1Cl,2
CC(=O)Nc1cccc(Cl)c1,2.1
NC(=O)c1cccc(Cl)c1,1.5
Nc1cccc(Cl)c1,1.9
Cc1ccc(N)cc1Cl,2.9
CN(C)C=CC#N,0.5
CC(CN)CF,0.4
CC(N)C(C)(C)F,0.7
CNCC(C)(C)CF,1.3
CNCCCF,0.5
CCC(F)CCN,0.9
NCCCF,0
NCC(N)CF,-1.2
CCCC(N)CC,1.5
CNC(CO1)=Nc2ccccc2C1c1ccccc1,3.055600000000002
NC(=O)c1ncccc1O,0.7
Nc1ccc(cc1O)C(O)=O,0.8
NC(=O)c1cccc(O)c1,0.4
COc1cccc(N)c1,0.9
Cc1cccnc1N,0.9
Cc1cc(N)ccc1Br,2.9
CNc1cccc2C(=O)NC(=O)c12,1.3
Cc1cccc(N)c1,1.4
Cc1cccc(c1)C(N)=O,1.2
Cc1cccc(CN)c1,1.3
CC(C)CC(N)=O,0.4
CCC(C)C(C)N,1.4
Cc1cccc(CC(=O)Nc2ccccc2)c1,3.4
Cc1cccc(NC(N)=O)c1,1.3
CC(C)(C)[C@H](N)C(O)=O,-1.8
Cc1ccc(N)cc1[N+]([O-])=O,1.7
NC(=O)c1cccc(c1)[N+]([O-])=O,0.8
Nc1cccc(c1N)[N+]([O-])=O,1.3
Cc1c(N)cccc1[N+]([O-])=O,1.8
CC(=O)CC(=O)Nc1ccccc1,1.5
CCC(N)CC,1.1
ClC(=O)C=Cc1ccccc1,3.1
NCCCc1ccccc1,1.8
OC(=O)c1cccnc1,0.4
NCc1cccnc1,-0.3
Nc1cnc2ccccc2c1,1.6
Oc1ccc(Nc2ccc(cc2[N+]([O-])=O)[N+]([O-])=O)cc1,3.4
NCCN1CCOCC1,-1.1
NCCc1ccc(O)cc1,1.1
CC(N)Cc1ccc(O)cc1,1.4
NCc1ccncc1,-0.4
CN(C)C1=C(C)N(C)N(c2ccccc2)C1=O,1
CN(C)c1ccc(CO)cc1,1.6
CN(C)c1ccc(cc1)C(=O)N(C)C,1.1
CSc1ccc(N)cc1,1.8
CN(C)c1ccncn1,0.6
CN(C)c1c2ccccc2ncc1,1.1
CC(C)(N)CC(F)(F)F,1.4
CC(CCN)C(F)(F)F,1.1
CC(N)CC(F)(F)F,1.2
NCCCC(F)(F)F,1.1
CNCCCC(F)(F)F,1.6
CNC(C)CC(F)(F)F,1.7
CC(C)(N)CC(F)F,1.1
NCCCC(F)F,0.9
Nc1ccc(Oc2ccc(N)cc2)cc1,1.4
NC1=NCCS1,-0.2
CC(C)Cc1sc(C)c(C)n1,3.4
Nc1cnc2c(N)ncnc2n1,-0.9
NCCOCCN1CCOCC1,-1.2
CNC(C)Cc1ccc(O)cc1,1.7
OC(=O)c1ccc(cc1)NC(C)=O,1.3
CN1C=CC(=NC1O)N,-1.3
Cc1cc(N)ccc1O,0.7
Nc1ccc(O)c(c1)[N+]([O-])=O,1
Nc1c(Cl)c(Cl)nc(C(O)=O)c1Cl,2.2
OC(=O)c(ccc1N)cc1N(=O)=O,0.7
Nc1nc(O)ncc1Br,-0.3
CC(=O)c1ccc(N)cc1,0.8
NC(=O)c1ccc(N)cc1,-0.4
Nc1ccc(CC(O)=O)cc1,0.9
Nc1ccc(CC#N)cc1,1.2
Nc1ccc(S)cc1,1.3
Nc1ccc(cc1)C(O)=O,0.8
NCCCC(O)=O,-3.2
Cc1ccc(N)c(c1)C(O)=O,1.8
Nc1ccc(cc1)C(=O)NO,-0.4
Nc1ccc(O)cc1,0
Nc1ccc2C(=O)NC(=O)c2c1,0.5
Nc1c[nH]nc1,-1.1
Nc1ccncn1,-0.2
Nc1ccnc2ccccc12,1.6
Nc1ccc(C(O)=O)c(O)c1,1.3
CC(=O)Nc1ccc(Br)cc1,2.3
Nc1ccc(Br)cc1,2.3
CN(C)c1ccc(Br)cc1,3.2
CN(C)C(=O)c1ccc(Br)cc1,1.7
CCCCc1ccc(N)cc1,3
CNc1ccc(Cl)cc1,2.8
Nc1ccc(Cl)cc1N,1.3
Nc1cc(Cl)nc(N)n1,0.5
COc1cc(Cl)ccc1N,1.9
Nc1ccc(Cl)cc1[N+]([O-])=O,2.7
Nc1ccc(Cl)cc1,1.9
NC(=O)c1ccc(Cl)cc1,1.6
ONC(=O)c1ccc(Cl)cc1,0.9
Nc1ccc(cc1)C#N,1.3
CN(C)c1ccc(cc1)C(O)=O,1.8
CCOc1ccc(N)c(N)c1,1
CCOc1ccc(N)cc1,1.2
CCc1ccc(N)cc1,2
NCCCCF,0.3
Cc1cc(F)ccc1N,1.4
Nc1ccc(F)c(c1)[N+]([O-])=O,0.8
CC(=O)Nc1ccc(F)cc1,1.5
CC(N)CCF,0.4
CN(C)C(=O)c1ccc(F)cc1,1.1
ONC(=O)c1ccc(F)cc1,0.4
CNC(C)CCF,0.9
CC(F)CCCN,0.8
CC(=O)Nc1ccc(O)cc1,0.5
Nc1ccc(I)cc1,2.3
CC(C)c1ccc(cc1)C=N(C(C)(C)C)=O,3.5377000000000027
COc1ccc(N)c(C)c1,1.2
COc1ccc(NC(C)=O)cc1,1.1
COc1ccc(CN)cc1,0.8
COc1ccc(cc1)C(=O)N(c2ccccc2)c3ccccc3,4.1
Cc1ccc(N)cc1N,0.1
Cc1ccnc(N)c1,0.6
Cc1ccnc(N)n1,0.3
Cc1csc(N)n1,1
CC(=O)Nc1ccc(C)cc1,1.7
CNc1ccc(cc1)C(O)=O,2.2
Cc1ccc(N)cc1,1.4
Cc1ccc(cc1)C(N)=O,1.2
Cc1ccc(CCN)cc1,1.6
Cc1ccc(CN)cc1,1.3
Cc1nonc1N,0.1
CC(C)CCCN,1.3
NN1CCOCC1,-1.1
NCCCN1CCOCC1,-0.7
CCN(CC)c1ccncc1,1.7
Cc1cc(ccc1N)[N+]([O-])=O,1.1
CC(=O)Nc1ccc(cc1)[N+]([O-])=O,1.7
NC(=O)c1ccc(cc1)[N+]([O-])=O,0.8
O=N(=O)c(cc1)ccc1Nc1ccc(cc1)N(=O)=O,3.6
O=N(=O)c(cc1)ccc1N(c1ccccc1)c1ccc(cc1)N(=O)=O,4.8
O=N(=O)c(cc1)ccc1Nc1ccccc1,3.7
NCC1CCNCC1,-0.4
CCCc1ccc(N)cc1,2.4
Nc1ccnnc1,-0.5
Nc1ccncc1,0.3
NC(=O)c1ccncc1,-0.3
CC(C)(C)c1ccc(N)cc1,2.7
Nc1ccc(C=C)cc1,1.8
CN(C)c1cncnc1,0.5
CC(N)CCC(F)(F)F,1.5
Nc1cccc2CCCCc12,2.6
C1CCc2nccnc2C1,0.9
NC1=CNC(=O)NC1=O,-1.5
Nc1ccc(O)c(c1)C(O)=O,1.3
Cn1nnc(N)n1,-0.2
Cc1noc(N)c1C,0.8
NCCCCCO,-0.3
NCCCCC(O)=O,-2.6
Nc1ccc(Cl)cn1,1.1
Cc1ccc(Cl)cc1N,1.4
CCCC(C)C1(CC)C(=O)NC(=O)NC1=O,2.1
NCCCCCF,0.7
Nc1ccc2CCCc2c1,2.1
NC1=NC(=O)NC=C1I,-0.5
Nc1cccc2cnccc12,1.4
Cc1onc(N)c1,0.1
Nc1ccc(cn1)[N+]([O-])=O,0.9
Nc1sc(cn1)[N+]([O-])=O,0.8
Cc1ccc(cc1N)[N+]([O-])=O,1.9
Nc1cccc2ncccc12,1.2
NCCCCCCO,0
Cn1cnc(N)c2ncnc12,-0.2
Cc1ccc(N)nc1,1
Nc1ccc(cn1)C(O)=O,1.4
Nc1cc2c3ccccc3ccc2c4ccccc14,5
NCCCCCC(N)=O,-1.3
NCCCCCC#N,0
Nc1nc(N)cc(O)n1,-1.8
Nc1ccc2ncsc2c1,1.3
Cc1cccc(N)n1,0.4
Cc1cc(N)ncn1,0.2
Cc1cncc(N)n1,0.4
Nc1ccc2ncccc2c1,1.3
Nc1cnc2cncnc2n1,-0.5
Nc1cccc2ccc(O)cc12,1.6
Nc1cccc2cccnc12,1.8
CN(C)c1c2ccccc2nc2ccccc12,3.7
Cn1cnc2c(N)ncnc12,0
CC(N)=O,-0.9
Nc1ncnc2nc[nH]c12,-0.1
CCC(c1ccccc1)C(=O)N,1.7
FCC(=O)NC,-0.8
CCc1cccc(CC)c1N(COC)C(=O)CCl,3.5
NCCCC=C,0.7
NCCC=C,0.4
NCCCCC=C,1.1
NC(=O)NCC=C,-0.4
COc1ccc(cc1)C=N(c1ccccc1)=O,2.956100000000001
NC(C(O)=O)c1ccccc1,-1.7
CC(C)(N)C(O)=O,-2.8
CC(C)CCC[C@@H](C)CCC[C@@H](C)CCC[C@]1(C)CCc2c(C)c(O)c(C)c(C)c2O1,10.7
[Cl-].NC12CC3CC(CC(C3)C1)C2.[H+],-0.9695999999999991
CCNc1nc(NC(C)C)nc(SC)n1,3
[O-][N+](=O)c1[nH]ccn1,0.1
CCOC(CN)=O,-0.4
NCC#N,-1.4
CCCCC(N)C(O)=O,-1.5
Nc1[nH]nnn1,-0.9
Nc1csnn1,0.1
Nc1[nH]ncn1,-0.4
Nc1ccccc1,0.9
Oc(cc1Oc2ccccc2)c2c(C(=O)c3ccccc3C2=O)c1N,4.5
OCC(O)C1OC(=O)C(O)=C1O,-1.6
N[C@@H](CC(N)=O)C(O)=O,-3.4
COC(=O)C(Cc1ccccc1)NC(=O)C(N)CC(O)=O,-2.7
N[C@@H](CC(O)=O)C(O)=O,-2.8
CC(C)NCC(O)COc1ccc(CC(N)=O)cc1,0.2
CCNc1nc(Cl)nc(NC(C)C)n1,2.6
CN1C2CCC1CC(C2)OC(=O)C(CO)c3ccccc3,1.8
NCCC#N,-1
NC(=O)c1ccccc1,0.6
NC(=O)Cc1ccccc1,0.5
O=CCCc1ccccc1,1.3
OCCCc1ccccc1,1.9
Nc1ccc(cc1)c2ccc(N)cc2,1.3
CCOC(=O)c(cc1)ccc1N,1.9
Nc1nc(N)nc(n1)c2ccccc2,1.4
ONC(=O)c1ccccc1,0.3
OCc(ccc1)cc1N,-0.1
NC(=O)NCc1ccccc1,0.7
NCCC(O)=O,-3
CC(=O)c1cccc(N)c1,1.2
CN(C)C(C)C(O)c1ccccc1,1.7
OC(=O)CCc1ccccc1,1.8
OC(=O)CCCCC1SCC2NC(=O)NC12,0.3
[O-][N+](=O)C(CNCC([N+]([O-])=O)([N+]([O-])=O)[N+]([O-])=O)([N+]([O-])=O)[N+]([O-])=O,-0.6
CC(CNCC(C)([N+]([O-])=O)[N+]([O-])=O)([N+]([O-])=O)[N+]([O-])=O,0
NCCOCCN,-1.8
Cc1occc1SSc2ccoc2C,3
FC(F)N(C(F)F)C(F)(F)F,3.4
CCN(CC)c1ccc(cc1)C(=O)c2ccc(cc2)N(CC)CC,5.3
CN(C)c1ccc(cc1)C(=O)c2ccc(cc2)N(C)C,3.9
NC(=O)NNC(N)=O,-2.1
NC(=O)CBr,-0.5
Oc1c(Br)cc(Br)c2cccnc12,3.2
CCCC(N)=O,-0.2
CCC(C)(N)N,-0.4
CCCC(=O)Nc1ccccc1,2
CCCCCCCCCC(N)=O,3.4
O=C1CCCCCN1,-0.1
NC(=O)N1c2ccccc2C=Cc3ccccc13,2.5
CC(C)COC(N)=O,0.6
NC(Cl)=O,0.2
CNC(=O)Oc1cccc2ccccc12,2.4
COC(=O)Nc1[nH]c2ccccc2n1,1.5
Nc1cc(Cl)cc(C(O)=O)c1Cl,2
NC(F)(F)Cl,0.7
NC(F)Cl,0.5
CN(C)CCCN1c2ccccc2Sc3ccc(Cl)cc13,5.2
CC(C)OC(=O)Nc1cccc(Cl)c1,3.5
NC(=O)C=Cc1ccccc1,1.4
OC(=O)C=Cc1ccccc1,2.1
C\C=C/C(N)=O,0
CCC\C=C/C(N)=O,0.9
CN1CC(=O)N=C1N,-0.8
NC#N,-0.3
CCNc1nc(Cl)nc(NC(C)(C)C#N)n1,2.2
Cc1cc(N)nc(C)n1,0.4
CCNC(CC#N)=O,-0.2
NC1CCC1,0.2
NCC1CCCCC1,1.7
NC1CCCCC1,1.5
NC1CCCCCCC1,1.3
NC1CCCC1,0.6
NC1CC1,0.1
NC(=O)C1CC1,-0.4
NC1CONC1=O,-1.5
[O-][N+](=O)N1CN(CN(CN(C1)[N+]([O-])=O)[N+]([O-])=O)[N+]([O-])=O,2.1
Nc1nc(N)nc(NC2CC2)n1,-0.2
NC1=NC(=O)NC=C1,-1.7
FC1=CNC(=O)N=C1N,-0.9
CN(C)NC(=O)CCC(O)=O,-3.1
CC(C)c1ccc2c(CC[C@H]3[C@](C)(CN)CCC[C@]23C)c1,5.4
CNCCCN1c2ccccc2CCc3ccccc13,4.9
C[C@H](N)Cc1ccccc1,1.8
CC(=O)NC(C)=O,-1.4
CC(=O)CC(C)(C)N,-0.4
C=CCN(CC=C)C#N,1.8
NC(CC=C)CC=C,1.6
CN1C(=O)CN=C(c2ccccc2)c3cc(Cl)ccc13,3
NC(F)(Cl)Cl,1
OCCNCCO,-1.4
CCC(CC)(CNC(=O)[C@@H](O)C(C)(C)CO)C(N)=O,-0.22629999999999872
CCCN(CC)CC,2.2
CCC(CC)C(N)=O,1
CCN(CC)CC#N,0.8
CCN(CC)Cc1ccccc1,2.7
CCN(CC)C(Cl)=O,1.4
OCCCN(CC)CC,0.7
FN(F)C#N,0.8
NC(N)(F)F,-0.8
FC(F)N(C(F)(F)F)C(F)(F)F,3.6
CN(C)C(F)F,1.2
FC(F)OC(F)(F)F,2.2
CC(C)N(C#N)C(C)C,2.1
CCC(C)(C)N(C)C,1.8
CCC(CC)N(C)C,2.1
CC(O)N(C)C,0.1
CC(C#N)N(C)C,0.5
CN(C)C(Cl)=O,0.8
CC(C)(O)CN,-0.8
CC(C)CCN(C)C,2
CN(C)[N+]([O-])=O,0.6
CCC(C)N(C)C,1.6
CN(C)C(C)(C)C,1.2
N(c1cccc2ccccc12)c3cccc4ccccc34,6
ClC(=O)N(c1ccccc1)c2ccccc2,3.8
Nc1ccc(Nc2ccccc2)c2c1C(=O)c1ccccc1C2=O,4.8
NC(CSSCC(N)C(O)=O)C(O)=O,-6.3
CCCCCCCCCCCC(N)=O,3.5
NCCc1ccc(O)c(O)c1,-1
CC(C)(CO)[C@H](O)C(=O)NCCC(N)=O,-1.7
CC\C(=C/C)C(=O)NC(N)=O,0.9
CC(C)[C@@H](C)/C=C/[C@@H](C)[C@H]1CC[C@H]2C3=CC=C4C[C@@H](O)CC[C@]4(C)[C@H]3CC[C@]12C,7.4
CCN(CC(C)=C)c1c(cc(cc1[N+]([O-])=O)C(F)(F)F)[N+]([O-])=O,5.1
NC(=O)C(N)=O,-1.6
NCCO,-1.3
CCOc1cc(NC(C)=O)ccc1C(=O)OC,1.2
CCNCC(F)(F)F,0.7
CCOC(=O)\C=C\N(C)C,0.8
CCOC(=O)c(cc1)ccc1N(C)C,2.9
CCOC(=O)NC(N)=O,0.1
CCOC(=O)N(CC)CC,1.9
OC(=O)CN(CCN(CC(O)=O)CC(O)=O)CC(O)=O,-5.9
CCN(C)CC(C)C,2
CCOC(=O)Nc1ccccc1,2.3
CCOC(=O)NCCOc1ccc(Oc2ccccc2)cc1,4.3
CCCN(CCCl)c1c(cc(cc1[N+]([O-])=O)C(F)(F)F)[N+]([O-])=O,5
FC(F)(F)c1cc(Nc2ccccc2C(O)=O)ccc1,5.2
CCCC(N)F,1
OC=O,-0.2
NC(=O)/C=C/C(N)=O,-1.7
NC(=O)c1occc1,-0.1
NC(=O)c1cocc1,0.1
Nc1nonc1N,-0.5
NCc1occc1,0.4
N[C@@H](CCC(O)=O)C(O)=O,-3.7
N[C@@H](CCC(N)=O)C(O)=O,-3.1
NCC(O)=O,-3.2
CN(C)CC(O)=O,-2.9
NC(=O)CO,-1.5
NC1=Nc2nc[nH]c2C(=O)N1,-1.1
CCCCCCC(N)=O,1.9
CCCCCCCCCCCCCCCC(N)=O,5.7
[O-][N+](=O)N1CN(CN(C1)[N+]([O-])=O)[N+]([O-])=O,1.6
CCCCCC(N)=O,1.3
NCCc1c[nH]cn1,-0.7
N(Nc1ccccc1)c2ccccc2,2.9
NO,-1.2
NC(=O)NO,-1.8
Clc1ccc(C(Cn2ccnc2)OCC=C)c(Cl)c1,3.8
NC(=O)NC(N)=O,-0.7
OC(=O)CNCC(O)=O,-3.3
CN(C)CCCN1c2ccccc2CCc3ccccc13,4.8
Nc1ccc2[nH]ccc2c1,0.7
CC(C)NC(=O)N1CC(=O)N(C1=O)c2cc(Cl)cc(Cl)c2,3.1
CC(C)C=O,0.8
CC[C@H](C)[C@H](N)C(O)=O,-1.7
NC(=O)c1cccc(c1)C(N)=O,-0.2
CCCN(CCC)c1c(cc(cc1[N+]([O-])=O)C(C)C)[N+]([O-])=O,5.6
CNC(C)C,0.6
CC(CCc1ccccc1)NCC(O)c2ccc(O)c(c2)C(N)=O,3.1
CC(C)C[C@H](N)C(O)=O,-1.5
N[C@@H](CCO)C(O)=O,-4.4
CCN(CC)CC(=O)Nc1c(C)cccc1C,2.3
CCCC[C@H](N)C(O)=O,-1.5
Fc1ccc(cc1)c(nc1C)sc1C(O)=O,3
NCCCC[C@H](N)C(O)=O,-3
NC(=O)\C=C/C(O)=O,-1
OC(=O)c1ccccc1Nc(c(Cl)ccc1C)c1Cl,5.2
OC(=O)c1ccccc1Nc(cccc1C)c1C,5.1
CC(C)C1CCC(C)(CC1O)C(N)=O,1.3
CC1=NN=C(c2ccccc2)C(=O)N1N,0.7
NCN,-1.6
NSC,-0.3
CSCl,1.3
C1N2CN3CN1CN(C2)C3,0.3
CNC(=O)Oc1cc(C)c(SC)c(C)c1,2.9
CSCC[C@H](N)C(O)=O,-1.9
CNCCC(F)(F)F,1.3
CNC(C)C(C)C,1.6
COC(=O)C(C)CCC(=O)N(C)C,0.4
CCc1cccc(N)c1,2.1
CN([N+]([O-])=O)[N+]([O-])=O,0.8
NC[N+]([O-])=O,-0.8
COC(=O)Nc1ccccc1,1.8
COC(=O)c1ccc(N)cc1,1.4
CCC(C)(C)NC,1.3
CSC1=NN=C(C(=O)N1N)C(C)(C)C,1.7
Nc1cccc(F)c1,1.3
CC(=O)Nc1cccc(O)c1,0.7
NCC1=CC(=O)NO1,-1.4
CC(C)Nc1ccccc1,2.5
CC(C)NCc1ccccc1,2.3
Fc1cc(F)c(F)c(Nc(c(F)c2F)c(F)c(F)c2F)c1F,4.5
NCCNCCN,-2.1
FCCN(C)C(C)(C)C,1.6
FCCN(C)C(C)C,1.4
CC(C)NCCF,0.9
Cc1ccccc1NC(C)=O,0.9
NCCCN(C)CCCN,-0.9
CCN(C)Cc(ccc1)cc1F,2.6
CCCCNCC(O)COc1ccccc1,2.2
Fc1c(F)c(F)c(Nc(c(F)c2F)c(F)c(F)c2Cl)c(F)c1F,5
CN(C)c1c(F)c(F)c(Nc(c(F)c2F)c(F)c(F)c2F)c(F)c1F,4.5
Cc1ccc(Nc(c2F)c(F)c(F)nc2F)cc1,3.8
Fc1c(F)c(F)c(Nc2c3ccccc3c(cc2)N(=O)=O)c(F)c1F,5
FC(F)(F)c1c(F)c(F)c(Nc(c(F)c2F)c(F)c(F)c2F)c(F)c1F,5.3
FC(F)NC(F)(F)F,2
FCN(C(F)F)C(F)(F)F,2.9
CCCCNC(F)F,2
CCNC(F)F,1.1
CCN(CC)C(F)F,1.9
FCNCCCC,1.5
FCNC=C,1.3
CCNCOC,0.1
COCNCN,-1.1
CCN(C)COC,0.6
COCNC(C)C,0.5
CNC(=O)NC(C)=O,-0.7
Fc1c(F)c(F)c(Nc(c(F)c2F)c(F)c(F)c2F)c(F)c1F,4.5
O=N(c1ccccc1)=Cc1ccccc1,2.95
Fc1c(F)c(F)c(Nc(c(F)c2F)c(F)c(F)c2C)c(F)c1F,4.7
CCNC(F)(F)F,1.4
CCCNC(F)(F)F,1.9
CNCC(C)(C)C,1.5
CNC(C)(C)C(C)C,1.7
CNCC(C)CC,1.5
CNCC(C)C,1.1
CNc1ccccc1C,2.2
CNC(C)(C)C,0.8
CNCCC(C)C,1.5
CNc1cccc(C)c1,2.6
CCC(C)(CC)NC,1.8
ONC(=O)c1ccc(O)cc1,-0.1
CNc1ccc(C)cc1,2.1
CNC(C)CCC=C(C)C,2.5
CNCC(C)C1CCCC1,2.8
CNCC(C)c1ccccc1,2.1
CC1(C)N=C1N(C)C,0.2
CCN(CC)c1c(CC)cccc1CC,4.4
CCC(C)CN(C)C,2
CC(C)C(=O)N(C)C,0.8
CN(C)C(=O)c1cccc(C)c1,2.3
CN(C)c1ccc(C)cc1,2.8
CN(C)C(=O)c1ccc(C)cc1,1
CN(C)c1ccccc1N(C)C,2.2
CC(CCN(C)C)N(C)C,1.1
CN(C)c1cccc2cccc(N(C)C)c12,3.4
CN(C)c1ccc(cc1)N(C)C,2.6
CNCCN(C)C,-0.2
CNCN(C)C,-0.1
NCCNCCNCCN,-2.5
OCCN(CC)CCO,0.1
OCCN(CCO)CC(O)=O,-3.8
OC(COc1ccccc1)CN(CC(O)COc2ccccc2)c3ccccc3,4.1
CCCCN(CC(O)COc1ccccc1)CC(O)COc1ccccc1,4.2
FC(F)N(C(F)F)C(F)(F)C(F)(F)F,4
FCN(CF)CC,1.5
COc1ccccc1NC(=O)c2ccc(cc2)C(=O)Nc3ccccc3OC,4.1
CCCCN(C(F)(F)F)C(F)(F)F,3.9
CCN(C(F)(F)F)C(F)(F)F,3.1
CC(C)(C)C(=O)N(C1CCCCC1)C2CCCCC2,4.7
CC(C)C(=O)N(C1CCCCC1)C2CCCCC2,4.4
CC(=O)N(C1CCCCC1)C2CCCCC2,3.3
CCC(=O)N(C1CCCCC1)C2CCCCC2,3.8
CCN(CC)c1ccc(N)cc1,2.2
CCN(CC)C(C)F,1.9
CCN(CC)C(=O)C(F)(F)F,1.6
CCN(CC)CC(F)(F)F,1.9
CCN(CC)c1ccccc1C,3.6
CCN(CC)C=CN(=O)=O,1.2
CCN(CC)C(=O)c1ccc(OC)cc1,1.2
CCN(CC)c(cc1)ccc1C,3.5
CCN(CC)c1ccc(cc1)[N+]([O-])=O,3
CCN(CC)C(=O)c1ccccc1,1.2
CCN(CC)c1ccccc1,3.3
CCN(CC)C(=O)c1cccnc1,0.3
CCN(CC)C(=O)CC,0.9
CC(C)N(C(C)C)C(=O)C(C)(C)C,2.7
CC(C)N(C(C)C)C(C)=O,1.3
CC(C)CN(C(C)C)C(C)C,3.2
CC(C)N(C)C(C)C,1.9
CCC(CC)N(C(C)C)C(C)C,3.7
CC(C)N(C)C,1.1
FC(F)C(F)(F)N(C)C,1.9
CN(C)C(N)C,-0.1
CN(C)c1ccccc1N,1.4
CNCC(C)NC,-0.2
CN(C)c1cccc(N)c1,1.2
CNCCCNC,-0.3
CN(C)Cc1cc(C(F)(F)F)ccc1,3
CN(C)C(=O)C12CC3CC(CC(C3)C1)C2,2.5
CN(C)n1cccc1,1.2
CN(C)c1ccccc1[N+]([O-])=O,1.9
CN(C)/C=C/[N+]([O-])=O,-0.8
CN(C)c1ccccn1,1.6
ClCCCN(C)C,1.2
CN(C)c1cc(ccc1)N(=O)=O,2.2
CN(C)C(=O)c1ccc(cc1)C(F)(F)F,3
COc1ccc(cc1)C(=O)N(C)C,1
CN(C)C(=O)c1ccc(cc1)[N+]([O-])=O,0.8
CN(C)c1ccc(cc1)N(=O)=O,2.3
CN(C)C(C)=O,-0.8
CN(C)\C=C\C=C\C=C\C=O,1.4
CN(C)\C=C\C=C\C=O,0.7
CN(C)c1ccccc1,2.3
CN(C)C(=O)c1ccccc1,0.6
CN(C)Cc1ccccc1,2
CCCCCCCCCC(=O)N(C)C,4
CCCCCCCCCCCC(=O)N(C)C,4.1
CCCCCCC(=O)N(C)C,2.2
CCCCCCCCCCCCCCCC(=O)N(C)C,6.3
CCCCCC(=O)N(C)C,1.6
NCN(C)C,-0.6
CN(C)c1cccc(C)c1,2.8
CN(C)CC(C)(C)C,2
CCCCCCCCC(=O)N(C)C,3.5
CCCCCCCC(=O)N(C)C,3
CN(C)c1ccccc1C,2.9
Clc1ccc(cc1)C(=O)N(C)C,1.6
CCCCCCCCCCCCCCC(=O)N(C)C,5.8
CCCCC(=O)N(C)C,1.1
CN(C)C(=O)C(C)(C)C,1.1
CN(C)c1ccc(N)cc1,1.8
CCC(N)N(C)C,0.4
CCCCCCCCCCCCCC(=O)N(C)C,5.2
CCCCCCCCCCCCC(=O)N(C)C,4.7
CCCCCCCCCCC(=O)N(C)C,3.6
N(c1ccccc1)c1ccc(Nc2ccccc2)cc1,5
CC(=O)N(c1ccccc1)c2ccccc2,2.7
O=C(N(c1ccccc1)c2ccccc2)c3ccccc3,3.9
c(cc1)ccc1N(c1ccccc1)c1ccccc1,5.7
C#CCN(CC#C)CC#C,1.3
CCCN(CCC)C(C)=O,1.5
FC(F)(F)N(C(F)(F)F)C(F)(F)Br,4.3
FC(F)(F)N(C)C(F)(F)Br,3.1
CC(=O)Nc1c2ccccc2cc2ccccc12,3.7
CC(C)C[C@H](NC(C)=O)C(N)=O,-0.1
CC(=O)NCC(O)=O,-1.2
CC(=O)NCC(=O)N,-1.8
CC(NC(C)=O)C(=O)N,-1.5
CC(=O)N[C@@H](CS)C(O)=O,0.4
CSCCC(NC(C)=O)C(O)=O,0.1
CC(C)C(NC(C)=O)C(=O)N,-0.6
CN(C(C)=O)C(C)=O,-0.5
CC(=O)N(C(C)=O)c1ccccc1,0.9
CC(C)(C)NCC(O)COc1cccc2C[C@@H](O)[C@@H](O)Cc12,0.7
C=CCNc1ccccc1,2.5
CCN(CC)C(=O)C(C)Oc1cccc2ccccc12,3.4
C(NCc1ccccc1)c2ccccc2,2.7
CC(=O)NCc1ccccc1,1
CCN(C)Cc1ccccc1,2.3
CCCCNc1ccccc1,2.8
CC(C)NCl,0.9
CNCl,0.1
C(CC1)CCC1NC1CCCCC1,3.4
CCN(C1CCCCC1)C2CCCCC2,4.1
CCNC(C)OC,0.5
CCN(C)CC(F)(F)F,1.7
CCNCC(F)(F)C(F)(F)F,1.9
CCNCC(F)F,1
CCNCC(F)CF,0.9
CCNC(C)CC,1.4
CCNCCF,0.5
CCN(C)CCF,1
CCNCCOC,0
CCNCC(C)=C,1.4
CCNc1ccccc1C,2.5
CCNCC(C)C,1.5
CCNC(C)(C)C,1.1
CCN(C)CCC(F)(F)F,2.1
CCNCCC(F)(F)F,1.6
CCN(C)CCCF,1.3
CCNCCCF,0.9
CCNc1cccc(C)c1,3
CCNc1ccc(C)cc1,2.5
CCNc1ccc(cc1)[N+]([O-])=O,2.4
CCNC(C)=O,-0.1
CCNc1ccccc1,2.2
NCNCC,-0.7
CCN(C)C(C)(C)C,1.6
CCN(C)CN(C)C,0.8
CNCN(C)CC,0.3
CCNCN(C)C,0.3
CCN(O)CC,0.5
CCN(C)c1ccccc1,2.9
NCN(C)CC,-0.2
CNCNCC,-0.2
CCN(C(C)=O)c1ccccc1,1.6
FN(F)F,1.9
ONC(=O)c1ccccc1[N+]([O-])=O,-0.3
ONC(=O)c1cccc(c1)[N+]([O-])=O,1.1
Cc1ccc(NO)cc1,1.7
ONC(=O)c1ccc(cc1)[N+]([O-])=O,0.6
ON(C)C,-0.2
NC(=O)c1cccnc1,-0.4
Oc1ccc(Cl)cc1C(=O)Nc2ccc(cc2Cl)[N+]([O-])=O,4
CCCCC/C=C/C=C/C(=O)NCC(C)C,4.4
O[C@@H]1CCCC[C@@]12CCCNC2,1.2
NC(=O)N[N+]([O-])=O,-0.9
CNCCCN,-0.8
CNc1ccc(N)cc1,1.5
CNc1cccc2ccccc12,2.9
CNCc1occc1,0.5
CNC(C)=O,-1.1
CN(C(C)=O)c1ccccc1,1.1
CNc1ccccc1,1.7
CNC(=O)c1ccccc1,0.9
CNCCc1ccccc1,1.9
CCC(C)NC,1.1
CCCC(=O)NC,0.4
CCCCCCCCCC(=O)NC,3.8
CNC[C@H](O)[C@@H](O)[C@H](O)[C@H](O)CO,-2.8
CCCCCCCCCCCC(=O)NC,4
CNCC(O)=O,-2.8
CCCCCCC(=O)NC,1.7
CCCCCCCCCCCCCCCC(=O)NC,6.1
CCCCCC(=O)NC,1.5
NCNC,-1
CC(C)N(C)CC(F)(F)F,2.2
CCN(C)Cc1cc(C(F)(F)F)ccc1,3.3
CNC(=O)c1cccnc1,0
CCCCCCCCC(=O)NC,2.3
NCN(C)C(C)C,0.2
CCCCCCCC(=O)NC,1.7
CNc1ccccc1[N+]([O-])=O,2.2
CNC(=O)C(=O)CCc1cccnc1,0
CCCCCCCCCCCCCCC(=O)NC,5.6
CCCCCNC,1.6
CCC(CC)NC,1.7
CCCCC(=O)NC,0.9
CN1CCCCC1,1.3
CNc1ccncc1,0.8
CCCCCCCCCCCCCC(=O)NC,5
CCCCCCCCCCCCC(=O)NC,4.5
CCCCCCCCCCC(=O)NC,3.4
O=N(=O)Nc1ccccc1,2.1
[O-][N+](=O)N(CC([N+]([O-])=O)([N+]([O-])=O)[N+]([O-])=O)CC([N+]([O-])=O)([N+]([O-])=O)[N+]([O-])=O,0.2
CC(CN(CC(C)([N+]([O-])=O)[N+]([O-])=O)[N+]([O-])=O)([N+]([O-])=O)[N+]([O-])=O,0.8
CCCCCCCCC(N)CCCCCCC,6.7
CCCCCCCCC(N)=O,2.9
CNC1=C(Cl)C(=O)N(N=C1)c2cccc(c2)C(F)(F)F,2.3
CNCCC=C1c2ccccc2CCc3ccccc13,4.5
CCCCCC(N)CCCC,3.5
Nc1ccc(Nc2ccccc2)cc1,2.5
N(c1ccccc1)c2cccc3ccccc23,4.4
N(c1ccccc1)c2ccc3ccccc3c2,5.1
Fc1nc(F)c(F)c(Nc2ccccc2)c1F,3.5
O=C(Nc1ccccc1)c2ccccc2,2.6
N(c1ccccc1)c1ccccc1,3.5
N(Cc1ccccc1)c1ccccc1,3.1
OC(=O)CNc1ccccc1,0.6
NNC(=O)Nc1ccccc1,0.4
NCNC(C)C,-0.2
CCCNc1ccccc1,2.5
CCCC(N)N,-0.2
CC(C)NC(C)(C)C,1.6
CN(C(=O)C(C)(C)C)C(C)(C)C,2.1
C1CCC(=O)NCC1.C(CCCN)CCN.C(CCC(=O)O)CC(=O)O,1.8568000000000016
CCOC(=O)c1ccccc1N,2.6
COc1ccccc1N,1.2
O=C(OCc1ccccc1)N,1.2
CN(C)c1ccccc1Cl,2.7
CCCCCCCCCCCCCCCCCC(N)=O,6.8
CCCCCCCC(N)=O,2.4
Nc1ccccc1F,1.3
CC(=O)Nc1ccccc1O,0.7
NC(=O)c1ccccc1O,1.3
COc1ccccc1NC(C)=O,1.1
O=C(Oc1ccccc1)N,1.1
OC(=O)C(O)=O,-0.3
NC(=O)C(O)=O,-0.9
NNC(=O)C(N)=O,-1.3
NC(=O)C1CCCCO1,-0.1
Nc1occn1,-0.2
OC(=O)C(=O)Nc1ccccc1,0.8
CC(=O)Nc1ccc(N)cc1,0.1
CC(O)c1ccc(N)cc1,0.8
COc1ccc(N)cc1,0.9
CCC(CC)C(=O)N(C)c(ccc1)cc1C,3.4
CC(=O)Nc1ccc(Cl)cc1,2.1
CN(C)c1ccc(cc1)C#N,2.2
CN(C)c1ccncc1,1.3
CC(C)(S)C(N)C(O)=O,-1.8
CCC(CC)Nc1c(cc(C)c(C)c1[N+]([O-])=O)[N+]([O-])=O,5.2
ClN(Cl)c1ccc(Cl)c(Cl)c1Cl,4.9
CCCCCCCCCCCCCCC(=O)N,5.2
NC(F)(F)C(F)(F)CF,1.1
FN(F)C(F)(F)F,1.6
CCCCC(N)=O,0.7
Nc1ccc(F)cc1,1.1
NC(=O)c1ccc(F)cc1,0.9
CCOc1ccc(NC(C)=O)cc1,1.6
N1c2ccccc2Sc3ccccc13,4.2
NC(=O)COc1ccccc1,0.8
N[C@@H](Cc1ccccc1)C(O)=O,-1.5
O=C(Oc1ccccc1)N(c2ccccc2)c3ccccc3,4.8
CC(C)(C)[N+]([O-])=Cc1ccccc1,1.3
NC(=O)Nc1ccccc1,0.8
NC(=O)c1ccc(O)cc1,0.3
OC(CCc(cc1)ccc1O)=O,1.2
NC(=O)c1ccccn1,0.2
Nc1c(cc(cc1[N+]([O-])=O)[N+]([O-])=O)[N+]([O-])=O,0.6
CC(C)c1ccc(N)cc1,2.2
COc1ccc(cc1)C(=O)N,0.9
CNc1ccc(cc1)[N+]([O-])=O,2
CCN(CC)CCOC(=O)c1ccc(N)cc1,1.9
CCCN(CC1CC1)c2c(cc(cc2[N+]([O-])=O)C(F)(F)F)[N+]([O-])=O,5.2
CN(C)CCCN1c2ccccc2Sc3ccccc13,4.5
COc1nc(NC(C)C)nc(NC(C)C)n1,3
CSc1nc(NC(C)C)nc(NC(C)C)n1,3.5
CC(C)N(C(=O)CCl)c1ccccc1,2.2
CCC(N)=O,-0.7
NC(=O)CC(N)=O,-1.8
CCC(=O)Nc1ccc(Cl)c(Cl)c1,3.1
CC(C)Nc1nc(Cl)nc(NC(C)C)n1,2.9
CCC(=O)O[C@@](Cc1ccccc1)([C@H](C)CN(C)C)c2ccccc2,4.2
CC(C)NCC(O)COc1cccc2ccccc12,3
CNC(C)CC1CCCCC1,3.5
Nc1ccc(cc1)C(F)(F)F,2.4
NC(=O)c1cnccn1,-0.6
NC1=C(Cl)C(=O)N(N=C1)c2ccccc2,0.8
Nc1cc(N)nc(N)n1,-0.8
ONC(=O)c1ccccc1O,0.9
CCNc1nc(NC(C)CC)nc(OC)n1,3.2
NNC(N)=O,-1.8
N[C@@H](CO)C(O)=O,-3.1
CCNc1nc(Cl)nc(NCC)n1,2.2
NC(=O)CCC(N)=O,-2.1
CCNc1nc(Cl)nc(NC(C)(C)C)n1,3.1
CCNc1nc(NC(C)(C)C)nc(SC)n1,3.7
NC(=O)c1ccc(cc1)C(N)=O,0.7
CC(C)(C)NC1CCCCC1,2.6
CN(C)[C@H]1[C@@H]2C[C@H]3C(=C(O)c4c(O)cccc4[C@@]3(C)O)C(=O)[C@]2(O)C(=O)\C(=C(N)/O)C1=O,-2
CCCCCCCCCCCCCC(N)=O,4.6
NCCNCCNCCNCCN,-2.9
NCC1CCCO1,-0.3
CC(C)(N)C(C)(C)CN,0.2
CCSC(=O)N,0.5
C[C@@H](O)[C@H](N)C(O)=O,-2.9
OC(=O)c1ccccc1Nc(cccc1Cl)c1C,5.2
C/C=C/C(N)=O,0
CCCCCC/C=C/C(N)=O,2.6
[Cl-].N[C@@H]1C[C@H]1c2ccccc2.[H+],-1.3822999999999985
C1=CC=C(C=C1)CC(C#N)(C2=CC=CC=C2)C3=CC=CC=C3,5.1
C(N(Cc1ccccc1)Cc2ccccc2)c3ccccc3,4.7
NC(=O)C(Cl)(Cl)Cl,1
ClNc1nc(NCl)nc(NCl)n1,1.3
CCCCCCCCCCCCC(=O)N,4.1
CC(F)C(N)(F)F,0.8
CN(C)CC(F)(F)F,1.1
NC(F)(F)F,0.5
CN(C)CCCN1c2ccccc2Sc3ccc(cc13)C(F)(F)F,5.2
CCCN(CCC)c1c(cc(cc1[N+]([O-])=O)C(F)(F)F)[N+]([O-])=O,5.3
COc1cc(Cc2cnc(N)nc2N)cc(OC)c1OC,0.9
Cc1oc(C)c(C)n1,1.5
NC(CO)(CO)CO,-2.9
FC(F)N(C(F)F)C(F)F,3.1
FC(F)(F)N(C(F)(F)F)C(F)(F)F,3.9
N[C@@H](Cc1c[nH]c2ccccc12)C(O)=O,-1.1
CCCCCCCCCCC(=O)N,3
NC1C(=O)NC(=O)NC1=O,-2.1
O=C1NNC(=O)N1,-1.1
NC(N)=O,-1.4
CCOC(N)=O,-0.2
CC(C)[C@H](N)C(O)=O,-2.3
